requisition_id,primary_recruiter,submits_early,early_applies,screened_applies_bad,unscreened_applies,screened_applies
13091,Thomas,2,11,6,0,11
13093,Stephen,1,15,0,0,15
13094,Stephen,0,15,0,1,14
13095,Stephen,0,8,0,0,8
13096,Christopher,0,124,0,0,124
13098,Daniel,0,7,2,1,6
13099,Daniel,0,12,2,1,11
13102,Larry,0,126,97,0,126
13104,Gary,1,236,187,0,236
13108,Paul,0,37,0,0,37
13110,Michelle,1,34,0,0,34
13112,Michelle,1,28,0,1,27
13113,Paul,0,131,2,1,130
13116,Jennifer,0,31,0,10,21
13118,Patricia,1,40,21,1,39
13119,Michelle,1,24,0,0,24
13122,Michelle,1,65,2,0,65
13125,Thomas,0,9,7,1,8
13127,Stephen,1,21,0,0,21
13128,Stephen,0,3,0,0,3
13129,Stephanie,0,39,0,0,39
13130,Stephen,7,45,1,1,44
13131,Paul,0,3,0,0,3
13132,Stephanie,0,20,0,3,17
13133,Michelle,1,63,0,0,63
13134,Stephanie,1,40,1,0,40
13142,Stephen,4,25,1,0,25
13145,Barbara,0,3,0,0,3
13146,Barbara,0,16,0,0,16
13147,Timothy,2,34,13,0,34
13148,Barbara,0,3,0,0,3
13149,Barbara,0,3,0,0,3
13150,Barbara,0,1,0,0,1
13151,Stephanie,0,16,0,0,16
13155,Stephen,0,8,0,1,7
13156,Stephen,0,2,0,0,2
13157,Thomas,0,4,0,2,2
13159,Christopher,0,33,7,0,33
13161,Barbara,2,99,0,1,98
13162,Stephanie,11,65,4,0,65
13164,Jacob,0,38,0,38,0
13168,Michelle,0,17,0,0,17
13169,Ronald,0,2,0,0,2
13171,Ronald,2,26,0,0,26
13176,Ronald,0,0,0,0,0
13179,Paul,0,69,0,0,69
13183,Michelle,1,67,1,0,67
13184,Joseph,8,199,2,2,197
13185,Deborah,2,100,1,1,99
13189,Mark,10,100,0,31,69
13190,Joshua,0,10,0,4,6
13191,Amanda,2,176,1,39,137
13195,Ashley,0,129,0,62,67
13206,Anthony,0,14,0,1,13
13208,Eric,0,53,0,0,53
13217,Elizabeth,1,12,0,0,12
13218,Sandra,1,80,35,0,80
13219,Stephanie,0,6,1,0,6
13220,Nicholas,0,2,0,1,1
13221,John,0,14,2,0,14
13222,John,1,26,2,0,26
13228,Elizabeth,0,3,0,1,2
13236,Richard,0,26,0,26,0
13238,Kevin,0,8,6,0,8
13242,Emily,0,11,2,1,10
13244,Eric,0,7,0,0,7
13246,Christopher,3,66,0,0,66
13248,Christopher,0,54,0,0,54
13249,Paul,0,27,0,0,27
13252,Deborah,2,49,0,2,47
13255,Christopher,0,6,0,0,6
13257,Robert,2,15,0,3,12
13262,Timothy,1,11,0,0,11
13264,Deborah,0,19,0,0,19
13265,Timothy,0,14,0,0,14
13266,Helen,1,39,26,1,38
13267,Helen,1,21,1,0,21
13269,Timothy,0,7,0,0,7
13270,Timothy,0,5,1,0,5
13271,Timothy,0,9,0,0,9
13276,Richard,0,31,0,31,0
13281,Nicholas,0,0,0,0,0
13282,Nicholas,3,35,14,1,34
13285,Helen,2,15,0,0,15
13289,Elizabeth,4,22,0,0,22
13291,Charles,3,341,1,4,337
13292,Elizabeth,0,4,0,0,4
13300,Christopher,0,36,0,0,36
13305,Paul,1,23,0,1,22
13313,Linda,0,66,36,0,66
13321,Linda,0,6,0,0,6
13324,Melissa,1,21,0,2,19
13326,Linda,0,7,5,0,7
13328,Jeffrey,0,19,5,1,18
13332,Daniel,1,22,5,1,21
13333,Deborah,1,186,58,2,184
13334,Linda,0,44,0,0,44
13335,Emily,1,49,28,5,44
13336,Stephen,3,35,0,0,35
13337,Stephen,3,31,0,3,28
13338,Ronald,7,253,9,3,250
13341,Jeffrey,0,48,3,2,46
13344,Jeffrey,0,24,4,0,24
13346,Lisa,0,0,0,0,0
13350,Richard,0,5,2,3,2
13352,Jeffrey,4,127,30,2,125
13355,Gary,0,29,3,8,21
13363,Kimberly,4,128,24,8,120
13365,Paul,0,173,0,0,173
13367,Kimberly,0,149,74,1,148
13370,Daniel,0,7,1,0,7
13374,Kimberly,0,58,3,5,53
13375,Amanda,0,12,0,1,11
13383,Christopher,0,75,0,10,65
13387,Stephen,0,42,0,14,28
13393,Brian,0,3,0,0,3
13396,Justin,4,38,0,2,36
13398,Larry,0,6,0,0,6
13402,Larry,1,31,8,1,30
13403,Justin,1,7,4,0,7
13407,Larry,0,11,0,1,10
13413,Stephanie,0,121,1,0,121
13415,Brian,0,12,0,1,11
13421,Christopher,0,25,0,2,23
13422,Nicholas,1,31,24,0,31
13428,Jessica,0,64,21,5,59
13432,Kimberly,0,93,43,1,92
13435,Kimberly,0,90,38,0,90
13440,Helen,0,151,45,1,150
13444,Anthony,0,18,0,0,18
13448,Stephen,0,3,0,1,2
13452,Brian,0,6,3,0,6
13453,Larry,0,77,37,0,77
13457,Scott,0,73,0,0,73
13469,Laura,2,5,0,0,5
13472,Christopher,0,24,0,1,23
13473,Christopher,0,31,0,0,31
13474,Emily,0,27,2,0,27
13479,Richard,0,75,1,0,75
13480,Helen,0,10,0,0,10
13481,Thomas,0,34,0,0,34
13485,Daniel,0,47,0,1,46
13488,Scott,0,60,0,0,60
13489,Donna,0,78,58,1,77
13490,Scott,0,51,0,1,50
13491,Larry,0,9,8,0,9
13495,Thomas,1,4,0,0,4
13499,Jonathan,0,78,1,53,25
13500,Amanda,0,0,0,0,0
13504,Larry,0,92,26,1,91
13507,Daniel,0,9,1,0,9
13509,Daniel,0,3,1,0,3
13510,Daniel,1,13,6,0,13
13513,Daniel,0,3,1,0,3
13514,Daniel,0,3,2,0,3
13520,EMPTY,0,0,0,0,0
13521,EMPTY,0,0,0,0,0
13522,EMPTY,0,0,0,0,0
13523,EMPTY,0,0,0,0,0
13524,EMPTY,0,0,0,0,0
13525,EMPTY,0,0,0,0,0
13527,EMPTY,0,0,0,0,0
13528,EMPTY,0,0,0,0,0
13529,EMPTY,0,0,0,0,0
13530,EMPTY,0,0,0,0,0
13531,EMPTY,0,0,0,0,0
13533,EMPTY,0,0,0,0,0
13534,EMPTY,0,0,0,0,0
13535,EMPTY,0,0,0,0,0
13536,Linda,0,30,19,0,30
13539,Justin,1,6,4,1,5
13540,Richard,0,7,0,0,7
13541,EMPTY,0,0,0,0,0
13542,EMPTY,0,0,0,0,0
13543,EMPTY,0,0,0,0,0
13544,EMPTY,0,0,0,0,0
13545,EMPTY,0,0,0,0,0
13546,Gary,1,73,17,15,58
13547,EMPTY,0,0,0,0,0
13548,EMPTY,0,0,0,0,0
13549,EMPTY,0,0,0,0,0
13550,EMPTY,0,0,0,0,0
13551,EMPTY,0,0,0,0,0
13552,EMPTY,0,0,0,0,0
13553,EMPTY,0,0,0,0,0
13554,Stephen,1,5,0,0,5
13555,Elizabeth,2,72,31,0,72
13556,EMPTY,0,0,0,0,0
13558,EMPTY,0,0,0,0,0
13560,Jonathan,1,142,0,0,142
13562,Nancy,0,4,1,0,4
13563,Jeffrey,1,109,52,0,109
13564,Jeffrey,0,86,31,0,86
13565,Joshua,1,126,0,22,104
13567,EMPTY,0,0,0,0,0
13569,Ashley,0,0,0,0,0
13570,Scott,0,60,14,0,60
13571,EMPTY,0,0,0,0,0
13572,Scott,0,2,0,0,2
13573,Jonathan,0,211,0,2,209
13574,EMPTY,0,0,0,0,0
13575,EMPTY,0,0,0,0,0
13577,Michelle,0,59,0,0,59
13578,Scott,0,46,0,0,46
13581,Jonathan,0,14,0,1,13
13582,Nancy,0,121,6,0,121
13583,EMPTY,0,0,0,0,0
13584,EMPTY,0,0,0,0,0
13585,EMPTY,0,0,0,0,0
13586,Barbara,0,0,0,0,0
13587,EMPTY,0,0,0,0,0
13588,Charles,0,13,0,1,12
13589,EMPTY,0,0,0,0,0
13590,Ashley,0,52,0,50,2
13591,EMPTY,0,0,0,0,0
13592,Jonathan,0,10,0,1,9
13593,Timothy,0,43,11,0,43
13594,Ashley,0,153,55,22,131
13596,EMPTY,0,0,0,0,0
13599,Carol,0,58,24,6,52
13600,Jacob,0,51,0,42,9
13601,Jessica,0,35,22,0,35
13602,EMPTY,0,0,0,0,0
13603,Nicholas,0,7,3,0,7
13604,EMPTY,0,0,0,0,0
13605,Nicholas,1,18,7,0,18
13608,EMPTY,0,0,0,0,0
13609,Kathleen,1,91,0,0,91
13610,Anthony,0,10,0,2,8
13611,EMPTY,0,0,0,0,0
13613,Nicholas,0,7,2,0,7
13614,EMPTY,0,0,0,0,0
13615,EMPTY,0,0,0,0,0
13616,EMPTY,0,0,0,0,0
13617,Laura,0,28,0,3,25
13619,Justin,0,44,0,19,25
13620,Justin,0,21,0,6,15
13622,Anthony,0,24,0,22,2
13623,EMPTY,0,0,0,0,0
13624,Charles,0,7,0,0,7
13625,Ryan,0,11,0,1,10
13626,Susan,0,0,0,0,0
13627,EMPTY,0,0,0,0,0
13628,Charles,0,31,0,1,30
13630,EMPTY,0,0,0,0,0
13631,EMPTY,0,0,0,0,0
13632,EMPTY,0,0,0,0,0
13633,Anthony,0,26,0,9,17
13634,EMPTY,0,0,0,0,0
13635,Elizabeth,0,1,0,0,1
13638,Gary,2,190,156,0,190
13640,Christopher,0,20,0,1,19
13641,EMPTY,0,0,0,0,0
13642,EMPTY,0,0,0,0,0
13643,EMPTY,0,0,0,0,0
13644,EMPTY,0,0,0,0,0
13645,EMPTY,0,0,0,0,0
13646,EMPTY,0,0,0,0,0
13647,EMPTY,0,0,0,0,0
13648,EMPTY,0,0,0,0,0
13649,EMPTY,0,0,0,0,0
13650,EMPTY,0,0,0,0,0
13651,EMPTY,0,0,0,0,0
13652,EMPTY,0,0,0,0,0
13653,Patricia,0,3,0,0,3
13654,EMPTY,0,0,0,0,0
13655,EMPTY,0,0,0,0,0
13657,Patricia,0,1,0,0,1
13658,EMPTY,0,0,0,0,0
13660,Joseph,0,18,3,0,18
13662,Patricia,0,2,0,0,2
13663,EMPTY,0,0,0,0,0
13664,EMPTY,0,0,0,0,0
13665,Joseph,0,9,5,0,9
13666,Joseph,0,7,2,0,7
13667,Joseph,0,3,1,0,3
13668,EMPTY,0,0,0,0,0
13669,EMPTY,0,0,0,0,0
13670,Patricia,1,2,0,0,2
13671,Timothy,0,223,24,3,220
13672,Timothy,0,127,20,1,126
13673,Emily,0,0,0,0,0
13674,Patricia,0,1,0,0,1
13676,Helen,2,46,39,0,46
13679,EMPTY,0,0,0,0,0
13680,Robert,0,51,5,1,50
13682,EMPTY,0,0,0,0,0
13683,Patricia,0,0,0,0,0
13684,Christopher,1,104,0,3,101
13685,Donna,1,92,2,0,92
13687,Susan,0,48,5,0,48
13689,EMPTY,0,0,0,0,0
13691,Helen,0,5,3,1,4
13692,EMPTY,0,0,0,0,0
13695,Melissa,2,120,1,0,120
13697,Melissa,0,27,0,0,27
13698,EMPTY,0,0,0,0,0
13699,EMPTY,0,0,0,0,0
13701,EMPTY,0,0,0,0,0
13702,Laura,5,35,0,0,35
13704,Scott,1,41,0,2,39
13705,EMPTY,0,0,0,0,0
13706,EMPTY,0,0,0,0,0
13707,Emily,0,1,1,0,1
13708,EMPTY,0,0,0,0,0
13710,Donna,0,70,17,0,70
13712,EMPTY,0,0,0,0,0
13713,Eric,0,20,0,1,19
13714,Eric,1,56,0,0,56
13715,Michelle,0,15,0,2,13
13717,Helen,1,229,205,0,229
13718,Nancy,0,4,0,0,4
13719,Helen,1,154,141,0,154
13720,EMPTY,0,0,0,0,0
13721,EMPTY,0,0,0,0,0
13722,EMPTY,0,0,0,0,0
13723,EMPTY,0,0,0,0,0
13724,Jeffrey,0,72,26,2,70
13725,EMPTY,0,0,0,0,0
13726,Kimberly,1,127,109,0,127
13727,EMPTY,0,0,0,0,0
13728,EMPTY,0,0,0,0,0
13730,Brian,1,20,0,0,20
13731,EMPTY,0,0,0,0,0
13732,Nancy,1,149,4,1,148
13733,Nancy,0,89,1,2,87
13734,EMPTY,0,0,0,0,0
13736,Margaret,0,0,0,0,0
13738,Gary,1,56,0,13,43
13739,EMPTY,0,0,0,0,0
13740,EMPTY,0,0,0,0,0
13742,Linda,1,62,1,0,62
13743,Donna,0,29,1,0,29
13744,Gary,5,156,45,41,115
13745,Linda,0,22,0,0,22
13746,EMPTY,0,0,0,0,0
13747,Donna,0,50,20,1,49
13748,EMPTY,0,0,0,0,0
13749,EMPTY,0,0,0,0,0
13750,EMPTY,0,0,0,0,0
13751,EMPTY,0,0,0,0,0
13752,EMPTY,0,0,0,0,0
13754,Deborah,3,265,2,6,259
13756,EMPTY,0,0,0,0,0
13758,Daniel,0,51,1,0,51
13759,Melissa,0,3,0,0,3
13760,Melissa,0,2,0,0,2
13761,Melissa,0,1,0,0,1
13763,Melissa,0,1,0,0,1
13764,Jeffrey,0,76,47,0,76
13766,Emily,0,54,37,3,51
13767,Christopher,1,38,25,0,38
13768,Barbara,0,44,4,2,42
13770,Christopher,0,66,4,3,63
13771,Robert,0,17,0,0,17
13772,Helen,3,274,148,0,274
13773,Donna,1,101,72,0,101
13774,Donna,0,41,31,0,41
13776,Jeffrey,3,19,1,0,19
13777,Scott,0,17,4,0,17
13779,Kimberly,2,32,9,0,32
13780,Daniel,0,3,2,0,3
13784,Christopher,0,74,70,0,74
13785,Scott,2,62,1,2,60
13787,Nancy,1,97,8,63,34
13788,Melissa,0,8,0,0,8
13789,Laura,0,32,0,1,31
13790,Laura,4,10,0,0,10
13791,Melissa,1,33,0,1,32
13792,Barbara,0,3,0,1,2
13793,Stephen,0,5,0,0,5
13794,Amanda,0,8,0,0,8
13795,Amanda,0,8,0,0,8
13798,Laura,4,52,0,1,51
13799,Kevin,0,5,4,0,5
13802,Sandra,0,4,1,0,4
13804,Kathleen,3,53,0,0,53
13805,Joseph,0,10,3,1,9
13806,Lisa,0,8,1,1,7
13807,Joseph,0,7,3,0,7
13808,Robert,2,156,85,1,155
13809,Susan,0,197,1,3,194
13813,Michelle,1,85,0,6,79
13815,Barbara,0,6,0,1,5
13817,Emily,0,3,1,0,3
13818,Jennifer,0,51,0,25,26
13819,Jeffrey,2,9,1,0,9
13820,Scott,0,25,0,2,23
13821,Scott,2,58,28,0,58
13823,Scott,1,33,0,7,26
13824,Justin,1,23,0,0,23
13826,Kimberly,0,26,1,0,26
13827,Donna,1,61,3,0,61
13829,Helen,0,113,107,0,113
13831,Helen,0,40,20,0,40
13833,Timothy,1,30,1,0,30
13834,Timothy,3,17,0,0,17
13837,Gary,1,72,9,1,71
13838,Daniel,0,0,0,0,0
13839,Daniel,0,1,0,1,0
13840,Christopher,0,16,0,0,16
13841,Michelle,0,5,4,0,5
13842,Jennifer,2,130,1,22,108
13843,Michelle,2,77,1,4,73
13845,Jeffrey,3,23,3,1,22
13846,Nancy,0,3,0,0,3
13847,Justin,0,35,0,1,34
13848,Justin,2,142,5,5,137
13849,Emily,0,14,10,0,14
13850,Michelle,2,8,0,0,8
13851,Emily,0,14,4,1,13
13852,Barbara,0,11,3,1,10
13853,Barbara,1,3,0,0,3
13854,Emily,0,6,0,2,4
13855,Gary,0,12,0,0,12
13856,Thomas,0,0,0,0,0
13857,Joseph,1,17,0,1,16
13859,Gary,0,39,37,0,39
13860,Gary,0,3,0,0,3
13861,Donna,0,11,0,0,11
13862,Larry,0,97,54,0,97
13863,Joseph,2,73,0,6,67
13864,Richard,0,72,5,1,71
13866,Stephanie,4,102,0,0,102
13867,Larry,0,38,30,0,38
13868,Justin,0,0,0,0,0
13869,Justin,0,2,0,0,2
13870,Joshua,0,27,19,3,24
13872,Thomas,0,114,31,1,113
13875,Ashley,0,54,8,45,9
13876,Melissa,0,0,0,0,0
13878,Ashley,0,22,4,18,4
13881,Justin,0,30,4,4,26
13882,Jacob,0,8,8,0,8
13883,Justin,3,77,15,4,73
13885,Eric,2,151,2,1,150
13886,Jessica,1,14,2,0,14
13887,Jessica,1,15,0,0,15
13888,Richard,0,11,6,0,11
13889,Richard,0,11,7,0,11
13895,Jessica,1,15,2,1,14
13900,Kimberly,0,10,1,2,8
13901,Kimberly,1,35,0,2,33
13902,Kimberly,0,15,2,0,15
13903,William,0,0,0,0,0
13904,Jeffrey,3,107,71,1,106
13905,Amanda,2,21,0,0,21
13906,Amanda,0,30,0,0,30
13909,Emily,0,4,2,0,4
13910,Jason,0,0,0,0,0
13911,Timothy,1,30,10,0,30
13914,Nancy,0,8,0,0,8
13915,Margaret,0,0,0,0,0
13917,Nicholas,3,46,6,2,44
13918,Dorothy,0,0,0,0,0
13919,Emily,2,16,0,3,13
13924,Timothy,0,2,0,0,2
13925,Thomas,2,17,0,0,17
13926,Laura,1,21,0,1,20
13928,Scott,5,90,4,12,78
13929,Jeffrey,0,19,6,0,19
13930,Emily,0,4,1,0,4
13933,Scott,2,97,31,4,93
13934,Jeffrey,0,32,12,0,32
13936,Kevin,1,38,21,1,37
13937,Gary,8,83,0,0,83
13938,Kevin,0,30,26,0,30
13940,Ashley,0,22,11,8,14
13941,Scott,1,75,54,0,75
13943,Kevin,0,46,26,0,46
13945,Scott,1,29,5,6,23
13946,Eric,0,57,49,0,57
13947,Eric,2,219,191,0,219
13948,Scott,0,60,36,0,60
13949,Nancy,0,13,0,0,13
13953,Charles,0,30,1,0,30
13955,Nancy,0,7,0,0,7
13958,Joshua,0,83,0,27,56
13959,Sandra,0,5,2,0,5
13961,Robert,0,28,0,0,28
13962,Helen,0,27,14,1,26
13963,Kimberly,0,31,13,1,30
13966,Melissa,0,4,0,0,4
13971,Helen,0,9,5,0,9
13972,Robert,0,21,0,0,21
13973,Jeffrey,0,114,8,0,114
13978,Helen,0,158,97,0,158
13979,Deborah,0,107,73,3,104
13980,Gary,2,66,40,0,66
13981,Amanda,0,47,0,2,45
13983,Nicholas,4,205,125,6,199
13984,Richard,0,0,0,0,0
13985,Timothy,0,27,0,1,26
13986,Emily,0,9,4,1,8
13987,Sharon,0,0,0,0,0
13988,Nicholas,0,41,9,0,41
13990,Barbara,0,10,0,1,9
13991,Barbara,0,15,6,4,11
13992,Timothy,0,22,9,0,22
13994,Kimberly,0,92,19,3,89
13995,Jeffrey,0,103,17,0,103
13996,Jeffrey,3,37,7,0,37
13997,Kimberly,2,110,53,2,108
13998,Brian,1,37,23,6,31
13999,Brian,2,72,22,14,58
14000,Brian,0,4,0,1,3
14001,Kimberly,0,76,60,1,75
14003,Kimberly,0,113,21,0,113
14005,Joseph,0,12,0,0,12
14008,Justin,3,9,2,0,9
14010,John,1,22,0,1,21
14012,Brian,0,12,4,2,10
14013,Brian,1,143,28,44,99
14014,Nancy,0,164,58,3,161
14015,Kimberly,0,37,32,0,37
14016,Justin,0,6,1,1,5
14017,Jeffrey,0,73,21,2,71
14021,Barbara,0,13,4,3,10
14022,Daniel,0,44,2,15,29
14023,Stephen,0,5,3,1,4
14026,Kevin,0,88,50,0,88
14028,Kathleen,0,5,0,0,5
14029,Justin,8,22,11,0,22
14030,Lisa,6,31,1,0,31
14032,Kenneth,0,0,0,0,0
14035,Robert,3,38,0,3,35
14036,Amanda,0,6,0,2,4
14037,Amanda,0,2,0,1,1
14038,Amanda,0,7,0,4,3
14039,Jessica,2,19,9,0,19
14040,Amanda,0,6,0,1,5
14041,Barbara,0,51,28,0,51
14042,Michelle,2,80,1,0,80
14043,Jessica,0,7,5,0,7
14044,Jessica,0,6,1,0,6
14045,Ronald,1,14,0,0,14
14046,Ronald,1,77,32,0,77
14047,Ronald,1,17,5,0,17
14048,Jessica,1,61,41,0,61
14049,Ronald,0,0,0,0,0
14050,Jessica,1,85,55,0,85
14053,Justin,1,78,21,9,69
14055,Jessica,2,75,51,3,72
14056,Joseph,3,35,0,1,34
14058,Joshua,2,109,0,3,106
14059,Christopher,0,6,0,1,5
14060,Paul,0,33,0,0,33
14061,Donald,0,0,0,0,0
14063,Rebecca,0,0,0,0,0
14065,Nicholas,0,5,3,0,5
14066,Nicholas,3,21,3,3,18
14067,Jessica,0,27,10,0,27
14068,Jessica,0,61,18,1,60
14069,Nicholas,1,5,0,0,5
14071,Kimberly,0,13,7,0,13
14072,Donald,0,0,0,0,0
14075,Barbara,5,82,25,0,82
14077,Stephen,0,50,0,0,50
14078,Laura,1,23,0,0,23
14080,Jessica,0,0,0,0,0
14081,Barbara,3,69,31,0,69
14083,Barbara,0,32,29,1,31
14084,Charles,0,10,0,0,10
14085,Nancy,0,77,19,2,75
14089,Stephen,0,74,6,1,73
14091,Stephen,0,3,1,0,3
14092,Jacob,0,0,0,0,0
14093,Kenneth,0,0,0,0,0
14094,John,2,24,3,2,22
14098,Barbara,0,5,1,0,5
14099,Joseph,1,31,0,0,31
14100,Scott,2,21,4,0,21
14101,John,0,10,0,0,10
14102,Justin,2,66,25,0,66
14103,Stephen,0,1,0,0,1
14104,Barbara,0,38,31,4,34
14105,Jeffrey,0,34,14,3,31
14108,Christopher,0,24,0,0,24
14109,Thomas,0,1,1,0,1
14110,Christopher,0,34,1,0,34
14111,Nicholas,2,47,31,0,47
14113,Jessica,0,0,0,0,0
14114,Anthony,1,35,0,2,33
14116,Jessica,0,0,0,0,0
14117,Christopher,0,39,1,1,38
14118,Donna,1,71,26,2,69
14119,Deborah,0,23,0,0,23
14123,Nicholas,0,7,1,0,7
14124,Nicholas,0,22,2,3,19
14126,Nicholas,3,23,10,2,21
14128,Nicholas,0,12,0,0,12
14130,Laura,1,20,0,0,20
14131,Amanda,7,73,43,11,62
14132,Laura,5,29,0,0,29
14133,Laura,0,12,0,0,12
14134,Cynthia,0,0,0,0,0
14135,Lisa,0,6,0,1,5
14136,Amanda,0,12,8,0,12
14138,Barbara,0,31,15,4,27
14139,William,0,0,0,0,0
14140,Elizabeth,0,2,2,0,2
14141,Jessica,1,29,20,1,28
14143,Gary,1,83,26,0,83
14144,Barbara,3,60,2,0,60
14146,Barbara,0,12,8,0,12
14147,Eric,0,10,0,0,10
14148,Kimberly,0,12,2,0,12
14149,Kimberly,1,39,9,0,39
14150,Sandra,1,90,65,0,90
14151,Scott,1,14,7,1,13
14155,Eric,1,15,0,0,15
14156,Eric,0,4,0,0,4
14158,Joshua,0,167,0,79,88
14159,Joshua,0,37,0,3,34
14160,Stephanie,4,46,3,1,45
14161,Susan,0,2,0,0,2
14162,Jeffrey,0,49,33,1,48
14163,Jeffrey,1,135,40,0,135
14164,Larry,0,2,0,0,2
14166,Scott,0,33,19,5,28
14169,Robert,1,22,14,3,19
14170,Jeffrey,0,33,8,1,32
14171,Kenneth,0,0,0,0,0
14173,Jonathan,0,67,0,4,63
14176,Michael,0,0,0,0,0
14177,Kathleen,2,13,0,1,12
14178,Margaret,0,0,0,0,0
14179,Mark,0,18,0,1,17
14181,Robert,0,15,0,0,15
14182,Stephen,1,58,35,1,57
14183,Robert,4,27,0,2,25
14184,Jeffrey,0,26,0,0,26
14186,Susan,0,2,0,0,2
14188,James,0,21,10,0,21
14189,Laura,0,8,0,0,8
14190,Justin,0,2,1,0,2
14191,Christopher,0,22,0,2,20
14193,Jacob,0,0,0,0,0
14194,Gary,1,29,21,0,29
14195,Jacob,0,0,0,0,0
14196,Gary,0,90,50,1,89
14197,Gary,1,15,6,0,15
14198,Margaret,0,0,0,0,0
14199,Scott,1,33,13,1,32
14200,Nicholas,1,3,1,0,3
14201,Nicholas,1,44,41,0,44
14202,Melissa,0,14,7,0,14
14204,Nancy,0,0,0,0,0
14205,Stephen,0,6,1,0,6
14207,Brandon,0,3,0,0,3
14208,Melissa,1,108,87,1,107
14209,Melissa,0,66,55,0,66
14211,Scott,3,151,104,15,136
14214,Jennifer,5,37,0,3,34
14215,Michelle,0,13,0,0,13
14217,Barbara,6,42,10,8,34
14219,Amanda,0,24,0,0,24
14220,Gary,5,94,53,0,94
14221,Scott,1,54,25,0,54
14222,Margaret,0,0,0,0,0
14223,Jeffrey,1,80,67,0,80
14224,Barbara,0,10,6,2,8
14225,Jeffrey,0,86,26,7,79
14227,Nicholas,2,39,27,0,39
14230,Joshua,0,101,2,1,100
14231,Joshua,0,42,0,0,42
14232,Joshua,0,45,0,3,42
14233,Jeffrey,1,10,1,0,10
14235,Brian,2,117,78,2,115
14236,Brian,4,85,46,0,85
14237,John,0,2,0,0,2
14238,Emily,0,56,40,1,55
14239,James,0,1,1,0,1
14240,Helen,1,33,0,4,29
14241,Barbara,7,31,0,0,31
14243,Gary,1,113,6,0,113
14244,Linda,0,4,0,0,4
14245,Timothy,0,21,13,0,21
14247,Jennifer,1,168,11,46,122
14248,Jennifer,0,184,25,41,143
14249,Thomas,0,10,1,0,10
14253,Eric,4,108,0,0,108
14254,Gary,1,7,0,0,7
14256,Charles,0,0,0,0,0
14257,Stephen,0,1,1,0,1
14259,Barbara,0,2,0,0,2
14263,Melissa,0,3,0,0,3
14266,Barbara,1,139,105,6,133
14270,Larry,1,15,12,0,15
14271,Justin,0,6,4,0,6
14273,Kenneth,0,0,0,0,0
14276,Stephen,0,7,4,0,7
14277,Kimberly,0,32,0,4,28
14279,Timothy,0,1,0,0,1
14281,Scott,0,8,5,0,8
14282,Stephen,0,14,0,0,14
14284,Kathleen,0,70,20,0,70
14285,Helen,0,28,17,0,28
14286,Helen,0,3,1,0,3
14287,Timothy,0,17,5,0,17
14288,Timothy,0,11,5,0,11
14289,Jonathan,0,12,0,1,11
14290,Jessica,0,12,5,0,12
14292,Robert,3,122,39,29,93
14293,Christopher,0,11,0,0,11
14294,Amanda,0,16,1,0,16
14295,Jessica,0,2,0,0,2
14299,Gary,0,24,7,0,24
14301,Amanda,0,37,7,0,37
14303,Gary,3,112,20,1,111
14304,Amanda,0,6,0,0,6
14305,Jessica,0,34,12,0,34
14306,Melissa,0,58,31,0,58
14307,Thomas,0,161,48,0,161
14309,Amanda,0,5,3,0,5
14312,Mark,4,140,2,1,139
14313,Kimberly,0,1,1,0,1
14315,Amanda,0,15,0,0,15
14316,Gary,1,114,12,0,114
14317,Gary,0,91,6,0,91
14318,Gary,2,73,5,1,72
14319,Amanda,0,1,0,0,1
14321,Amanda,0,16,7,0,16
14323,Robert,5,67,27,12,55
14325,Ronald,2,69,21,0,69
14326,Robert,0,65,25,1,64
14327,Justin,0,27,16,1,26
14329,Jessica,3,85,17,0,85
14330,Cynthia,0,0,0,0,0
14335,Laura,3,17,0,1,16
14336,Barbara,0,47,6,8,39
14337,Stephen,0,3,0,0,3
14338,Stephen,0,26,1,0,26
14339,Michael,0,0,0,0,0
14341,Christopher,0,23,0,1,22
14342,Gary,1,20,10,0,20
14343,Stephanie,2,30,0,0,30
14345,Scott,0,3,2,0,3
14346,Ashley,0,75,39,1,74
14347,Ashley,0,83,43,3,80
14348,Margaret,0,0,0,0,0
14349,Ashley,0,90,46,2,88
14350,Ashley,0,146,59,0,146
14352,Jessica,0,23,14,1,22
14353,Linda,0,38,0,0,38
14354,Timothy,1,179,154,1,178
14355,Stephen,1,18,3,1,17
14358,Kimberly,0,1,0,0,1
14359,Kimberly,0,1,1,0,1
14360,Kimberly,0,4,4,0,4
14361,Kimberly,0,5,1,0,5
14363,Melissa,0,6,3,0,6
14364,Melissa,0,15,8,1,14
14366,Donna,0,18,0,1,17
14368,James,0,21,11,0,21
14369,Sharon,0,0,0,0,0
14372,Brandon,0,0,0,0,0
14373,Brandon,0,0,0,0,0
14374,Ronald,0,2,0,0,2
14375,Brandon,0,0,0,0,0
14377,Laura,4,60,0,13,47
14378,Brandon,0,2,0,0,2
14381,Brandon,0,1,0,0,1
14382,Brandon,0,2,0,0,2
14383,Brandon,1,1,0,0,1
14384,Ashley,0,95,0,37,58
14385,Amanda,0,1,0,0,1
14386,Mark,2,27,8,1,26
14387,Mary,0,0,0,0,0
14388,Laura,3,22,0,1,21
14389,James,0,7,1,4,3
14390,James,0,5,2,2,3
14391,James,0,62,53,7,55
14392,Patricia,0,0,0,0,0
14393,Brandon,0,2,1,0,2
14394,Brandon,0,0,0,0,0
14395,Brandon,0,1,0,0,1
14396,Brandon,0,0,0,0,0
14397,Brandon,0,0,0,0,0
14398,Brandon,0,1,0,0,1
14399,Brandon,0,1,0,0,1
14400,Justin,0,1,0,0,1
14401,Justin,0,3,1,0,3
14406,Scott,0,4,2,0,4
14407,Scott,0,3,1,0,3
14408,Scott,0,15,6,0,15
14411,Justin,4,48,10,0,48
14412,Justin,6,31,10,0,31
14413,Justin,0,6,2,0,6
14415,Justin,2,41,18,0,41
14416,William,0,0,0,0,0
14417,Eric,0,10,0,1,9
14418,Brandon,0,0,0,0,0
14419,Emily,1,16,9,0,16
14420,John,4,170,40,1,169
14421,Stephen,1,62,15,0,62
14423,Helen,1,34,17,0,34
14424,Timothy,0,20,17,0,20
14425,Ashley,0,41,23,1,40
14427,Sandra,2,132,31,1,131
14428,Stephen,1,46,8,0,46
14429,Christopher,0,13,0,0,13
14430,Stephen,0,7,2,1,6
14431,Brandon,0,29,0,0,29
14432,Larry,0,26,7,2,24
14433,Timothy,0,23,15,0,23
14434,Stephen,3,82,0,0,82
14435,Jennifer,0,32,0,5,27
14436,Jennifer,1,36,0,11,25
14438,Stephen,0,15,6,0,15
14439,Stephen,1,29,1,0,29
14441,Brian,5,147,92,0,147
14442,Brian,2,15,5,0,15
14445,Sandra,1,9,3,1,8
14446,Brian,1,20,1,0,20
14447,Sandra,0,63,26,13,50
14448,Timothy,0,5,0,0,5
14450,Barbara,3,49,36,1,48
14452,Brandon,3,172,1,0,172
14453,Jessica,1,47,4,0,47
14456,Jeffrey,0,35,9,1,34
14457,Jeffrey,0,40,12,1,39
14459,Stephen,1,4,2,0,4
14460,Timothy,0,31,17,0,31
14461,Melissa,1,4,1,0,4
14462,Timothy,1,9,5,0,9
14465,Jeffrey,2,20,4,0,20
14466,Lisa,0,0,0,0,0
14467,Lisa,0,1,0,0,1
14468,Lisa,1,2,1,0,2
14469,Lisa,0,1,0,0,1
14470,Lisa,0,0,0,0,0
14471,Lisa,1,5,2,0,5
14473,Lisa,0,2,0,0,2
14474,Lisa,2,4,2,0,4
14475,Emily,2,161,107,0,161
14476,Eric,0,10,0,0,10
14479,Nancy,0,58,1,0,58
14480,Barbara,0,20,3,4,16
14481,Sharon,0,0,0,0,0
14482,Brandon,0,110,51,1,109
14486,Christopher,0,65,24,0,65
14487,Nancy,1,78,67,0,78
14488,Melissa,0,7,4,0,7
14489,Barbara,1,16,9,2,14
14490,Sandra,0,36,24,2,34
14493,Sarah,0,166,90,12,154
14494,Scott,0,12,1,5,7
14495,Christopher,0,107,2,3,104
14496,Kathleen,0,8,0,0,8
14497,Timothy,0,0,0,0,0
14498,Elizabeth,0,1,1,0,1
14500,Timothy,0,1,1,0,1
14501,Helen,1,13,0,1,12
14502,Eric,0,48,0,0,48
14503,Nicholas,8,180,56,2,178
14505,Helen,0,46,35,2,44
14507,Linda,3,24,1,2,22
14508,Lisa,1,44,13,3,41
14509,Christopher,0,40,0,1,39
14511,Sandra,0,12,5,0,12
14512,Kenneth,0,0,0,0,0
14514,Melissa,0,20,13,5,15
14516,Ashley,0,15,14,0,15
14517,Joseph,2,27,0,0,27
14518,Joseph,2,21,0,1,20
14519,Stephanie,3,90,1,0,90
14520,Charles,0,111,61,4,107
14522,Daniel,0,32,3,1,31
14523,Jeffrey,6,76,26,3,73
14524,James,0,11,8,1,10
14526,Margaret,0,0,0,0,0
14528,Stephen,0,38,13,0,38
14529,Deborah,0,46,24,1,45
14531,Melissa,5,130,104,5,125
14533,Jonathan,2,49,22,0,49
14534,James,0,19,11,0,19
14535,Stephen,5,20,1,0,20
14537,Helen,0,57,51,0,57
14538,Stephen,3,22,8,0,22
14541,Larry,4,105,19,7,98
14543,Jeffrey,1,9,0,0,9
14544,Melissa,3,102,82,5,97
14545,Ryan,0,30,17,0,30
14546,Sandra,0,19,16,0,19
14549,Melissa,7,156,129,8,148
14550,Melissa,4,13,0,3,10
14551,Gary,0,54,16,0,54
14552,Gary,0,21,1,1,20
14554,Gary,0,20,1,0,20
14555,Gary,3,92,11,0,92
14556,Gary,0,15,3,0,15
14562,Jacob,0,0,0,0,0
14564,Laura,3,23,0,0,23
14566,Christopher,4,169,61,1,168
14567,Gary,0,6,1,0,6
14568,Nicholas,1,5,1,0,5
14570,David,0,0,0,0,0
14571,David,0,0,0,0,0
14572,Donna,0,51,6,0,51
14573,Donna,4,51,25,0,51
14574,Thomas,0,26,11,1,25
14575,Thomas,0,14,8,0,14
14577,Joseph,2,23,0,0,23
14578,Sandra,2,249,159,2,247
14579,Sandra,3,67,30,0,67
14581,Thomas,0,29,22,0,29
14583,Gary,2,47,20,0,47
14585,Gary,1,47,18,0,47
14586,Lisa,3,108,6,1,107
14587,Jacob,0,0,0,0,0
14588,Melissa,4,9,3,1,8
14589,Paul,10,122,2,0,122
14590,Brandon,2,14,0,0,14
14592,Helen,0,10,4,4,6
14593,William,0,0,0,0,0
14594,Larry,0,10,7,2,8
14596,Paul,7,221,8,0,221
14597,Helen,1,3,0,1,2
14598,Nicholas,0,51,24,0,51
14599,Nancy,0,40,33,0,40
14600,Lisa,0,68,64,0,68
14601,Lisa,0,9,6,0,9
14602,Lisa,0,13,6,0,13
14603,Laura,1,23,0,1,22
14604,Laura,2,43,0,3,40
14606,Elizabeth,0,2,0,0,2
14607,Brandon,0,1,0,0,1
14608,Jeffrey,4,43,22,0,43
14609,Kimberly,2,24,4,0,24
14610,Michelle,0,4,0,0,4
14611,Sandra,0,8,7,0,8
14612,Paul,0,4,2,0,4
14613,Eric,3,22,0,1,21
14614,Lisa,0,1,1,0,1
14615,Larry,2,10,3,0,10
14617,Deborah,0,67,42,4,63
14618,Ashley,0,88,82,1,87
14619,Elizabeth,0,3,1,0,3
14620,Amanda,3,14,6,0,14
14621,Amanda,0,16,4,0,16
14622,Brandon,3,17,7,0,17
14623,Barbara,1,3,1,0,3
14624,Amanda,0,0,0,0,0
14625,Larry,1,35,17,0,35
14626,Stephen,3,32,17,1,31
14628,Ashley,0,58,39,5,53
14630,Stephanie,0,0,0,0,0
14632,Gary,5,74,24,9,65
14633,Christopher,2,27,6,5,22
14635,Kimberly,3,130,77,0,130
14636,Helen,3,69,54,0,69
14637,Scott,0,0,0,0,0
14638,Gary,0,4,3,0,4
14639,Emily,3,160,113,7,153
14641,Lisa,2,2,0,0,2
14642,Lisa,3,5,0,1,4
14643,Lisa,2,3,0,0,3
14644,Lisa,2,8,0,2,6
14646,Stephanie,0,26,25,0,26
14647,Jeffrey,0,24,12,1,23
14648,Jeffrey,1,55,30,0,55
14649,Jeffrey,1,55,20,0,55
14650,Jeffrey,0,36,15,0,36
14651,Barbara,0,10,8,0,10
14653,Amanda,0,3,2,1,2
14654,Nicholas,2,13,5,0,13
14656,Nicholas,0,0,0,0,0
14657,Nicholas,2,6,3,0,6
14658,Nicholas,2,5,0,0,5
14660,Barbara,0,3,1,0,3
14661,Barbara,0,0,0,0,0
14662,Nicholas,1,3,2,0,3
14663,Helen,1,26,18,0,26
14664,Larry,0,4,3,0,4
14665,Nicholas,1,5,0,0,5
14666,Robert,1,8,1,0,8
14669,Anthony,1,2,0,0,2
14670,John,2,0,0,0,0
14671,Thomas,3,24,12,0,24
14672,Sharon,0,0,0,0,0
14674,Anthony,1,22,0,0,22
14675,Kathleen,0,8,1,0,8
14676,Anthony,1,30,0,0,30
14677,Anthony,1,14,0,0,14
14678,Gary,3,15,7,1,14
14679,Anthony,0,10,0,1,9
14680,David,0,0,0,0,0
14682,Ronald,2,9,0,0,9
14683,Lisa,0,1,0,0,1
14684,Lisa,0,1,1,0,1
14685,Joseph,3,25,0,0,25
14686,Amanda,0,4,3,0,4
14687,Larry,7,31,7,0,31
14688,Larry,12,100,17,2,98
14690,Gary,3,19,10,1,18
14691,Gary,3,92,63,5,87
14696,Jessica,2,25,5,1,24
14698,Gary,4,173,66,1,172
14699,Daniel,0,6,3,0,6
14700,Barbara,0,15,1,1,14
14701,Daniel,0,2,2,0,2
14702,Daniel,0,4,0,0,4
14703,Helen,2,26,21,0,26
14704,Cynthia,0,0,0,0,0
14705,Sandra,1,25,14,0,25
14706,Joseph,0,2,0,2,0
14708,Stephen,5,69,50,0,69
14709,Jessica,0,13,2,1,12
14710,Sandra,4,100,38,0,100
14713,Jessica,0,1,1,0,1
14714,Jessica,1,9,5,0,9
14715,Jessica,0,6,4,0,6
14716,Jessica,1,58,39,0,58
14717,Barbara,3,11,2,0,11
14719,Richard,0,17,8,0,17
14723,Jessica,1,27,19,0,27
14726,Ashley,0,64,27,22,42
14728,Stephen,8,47,9,0,47
14730,Kathleen,4,137,19,1,136
14731,Donna,3,162,81,1,161
14732,Michelle,19,102,0,0,102
14733,Donna,4,184,99,5,179
14735,David,0,0,0,0,0
14736,Timothy,0,0,0,0,0
14738,Joshua,0,233,158,1,232
14739,Joshua,0,54,0,1,53
14740,Joshua,0,75,65,0,75
14741,Richard,0,4,0,0,4
14742,Joshua,0,37,0,1,36
14743,Rebecca,0,0,0,0,0
14746,Gary,5,93,61,0,93
14747,Margaret,0,0,0,0,0
14748,Helen,2,162,138,0,162
14749,Stephen,4,14,5,0,14
14752,Eric,0,43,31,0,43
14753,Thomas,7,68,16,2,66
14754,Jennifer,6,39,0,33,6
14756,Jennifer,13,81,0,67,14
14757,Jennifer,8,46,0,37,9
14758,Nancy,0,14,11,0,14
14759,Jennifer,46,174,0,114,60
14760,Jennifer,23,79,0,57,22
14761,Jennifer,3,19,0,5,14
14762,Jennifer,2,16,2,5,11
14763,Mark,0,0,0,0,0
14765,Gary,0,24,4,0,24
14766,John,3,8,0,0,8
14771,Daniel,1,8,1,0,8
14773,Laura,3,94,0,0,94
14774,Laura,9,57,0,42,15
14775,Laura,1,21,0,1,20
14777,William,0,0,0,0,0
14778,Gary,5,59,9,15,44
14779,Jennifer,9,66,0,56,10
14780,James,0,41,30,4,37
14781,Gary,0,18,10,1,17
14782,Eric,5,187,13,2,185
14783,Kimberly,0,12,10,0,12
14785,Jeffrey,3,67,52,1,66
14786,Kathleen,14,67,3,0,67
14787,Brian,2,39,8,2,37
14788,Susan,9,81,25,0,81
14789,Brandon,7,83,17,0,83
14790,Brian,7,129,41,2,127
14792,Lisa,4,7,0,0,7
14793,Lisa,5,10,0,0,10
14795,Nicholas,3,38,21,2,36
14796,Gary,8,127,66,7,120
14799,Elizabeth,0,11,9,0,11
14800,Jessica,1,10,0,0,10
14801,Gary,1,24,6,1,23
14802,Eric,0,1,0,0,1
14804,Kathleen,0,10,3,1,9
14805,Richard,0,24,23,0,24
14807,Stephen,2,18,3,0,18
14808,Barbara,2,127,60,4,123
14809,Ashley,0,85,49,36,49
14810,Jessica,0,79,58,0,79
14811,Brandon,3,69,6,0,69
14812,Amy,0,0,0,0,0
14813,Amy,0,0,0,0,0
14814,Amy,0,0,0,0,0
14815,Ashley,1,43,30,10,33
14816,Nancy,0,1,0,0,1
14817,Stephen,0,7,4,0,7
14818,Timothy,4,93,76,2,91
14819,Ashley,9,244,148,41,203
14820,Nancy,0,2,1,0,2
14821,Nancy,0,5,2,0,5
14822,Paul,4,50,0,0,50
14824,Timothy,5,15,6,0,15
14825,Barbara,0,8,5,0,8
14827,Cynthia,0,0,0,0,0
14830,Susan,0,4,2,0,4
14831,Susan,0,7,2,0,7
14832,Susan,0,1,0,0,1
14833,Ronald,0,3,3,0,3
14834,Ronald,3,13,6,0,13
14835,Ronald,1,18,12,0,18
14836,Susan,0,4,3,0,4
14837,Ronald,1,21,16,0,21
14839,Ronald,1,11,10,0,11
14840,Gary,3,82,55,1,81
14841,Larry,0,33,6,4,29
14842,Larry,1,11,4,1,10
14843,Kimberly,7,126,20,2,124
14845,Paul,3,24,0,1,23
14846,Jeffrey,0,28,24,0,28
14847,Jeffrey,0,29,18,0,29
14848,Emily,0,5,3,1,4
14851,Richard,2,56,29,5,51
14852,Stephen,4,75,43,0,75
14855,Kimberly,2,22,7,0,22
14859,James,1,56,14,11,45
14860,Jonathan,8,101,32,3,98
14861,Kathleen,3,16,2,0,16
14862,Scott,0,47,38,2,45
14866,William,0,0,0,0,0
14868,Kimberly,0,53,6,2,51
14869,Kimberly,0,72,41,1,71
14870,Thomas,2,14,3,2,12
14871,Cynthia,0,0,0,0,0
14874,Jonathan,0,7,0,1,6
14876,Ryan,0,1,0,0,1
14877,Jonathan,2,13,0,0,13
14879,Gary,0,15,2,0,15
14880,Gary,0,19,14,1,18
14881,Gary,0,51,8,26,25
14883,Gary,0,76,11,4,72
14885,Michelle,4,20,0,0,20
14886,John,1,9,1,0,9
14887,Gary,7,121,47,1,120
14888,Charles,1,8,0,1,7
14889,Michelle,4,22,0,0,22
14891,Michelle,0,0,0,0,0
14893,Michelle,0,5,0,0,5
14894,Nancy,0,10,8,0,10
14895,Melissa,1,3,0,0,3
14897,Jonathan,0,79,34,3,76
14898,Nancy,6,19,5,0,19
14900,Nicholas,8,187,49,6,181
14902,Kimberly,1,6,2,1,5
14903,Sandra,0,23,1,2,21
14908,Jessica,0,7,3,0,7
14914,Patricia,4,7,0,0,7
14915,Cynthia,0,0,0,0,0
14916,Cynthia,0,0,0,0,0
14917,Cynthia,0,0,0,0,0
14918,Cynthia,0,0,0,0,0
14919,Cynthia,0,0,0,0,0
14920,Cynthia,0,0,0,0,0
14921,Cynthia,0,0,0,0,0
14922,Eric,2,115,24,8,107
14924,Jason,0,0,0,0,0
14929,Kathleen,0,4,1,0,4
14930,Larry,2,57,31,6,51
14932,Michael,0,0,0,0,0
14934,Jeffrey,7,113,4,2,111
14935,Anthony,0,143,2,2,141
14937,Christopher,1,6,1,0,6
14938,Ryan,4,37,10,1,36
14939,Gary,0,25,4,0,25
14940,Gary,0,3,2,0,3
14941,Christopher,0,13,6,0,13
14944,Justin,0,5,0,0,5
14945,Justin,0,15,14,1,14
14946,Justin,2,28,5,5,23
14947,Kathleen,10,135,13,1,134
14948,Justin,0,20,14,0,20
14949,Elizabeth,0,4,3,0,4
14950,Charles,0,7,1,0,7
14951,Justin,2,7,1,0,7
14952,Elizabeth,1,5,3,0,5
14954,Elizabeth,4,15,2,0,15
14957,Gary,0,18,15,1,17
14960,Michael,0,0,0,0,0
14961,Nicholas,5,20,11,0,20
14962,Michael,0,0,0,0,0
14965,Gary,0,5,0,1,4
14966,Nicholas,5,11,5,0,11
14968,Nicholas,6,20,8,0,20
14969,Nicholas,1,42,18,0,42
14970,Nicholas,6,74,20,1,73
14973,Michael,0,0,0,0,0
14974,Daniel,0,12,2,3,9
14975,Ashley,0,14,10,0,14
14977,Elizabeth,1,8,2,0,8
14980,Joseph,0,29,0,1,28
14981,Gary,0,11,3,0,11
14984,Melissa,1,3,1,0,3
14985,Stephanie,7,79,3,0,79
14986,Stephanie,10,66,0,0,66
14987,Stephanie,5,61,6,1,60
14988,Stephanie,4,61,15,1,60
14989,Stephanie,4,67,19,0,67
14990,Stephanie,6,69,2,0,69
14991,James,3,46,18,8,38
14992,James,1,5,2,0,5
14993,Nancy,7,61,26,1,60
14996,Ashley,0,17,11,0,17
14998,Michelle,24,107,15,4,103
14999,Jeffrey,0,2,0,0,2
15001,Eric,6,59,0,0,59
15002,Ryan,0,3,2,0,3
15006,Gary,1,45,33,3,42
15007,Jessica,0,29,22,0,29
15008,Gary,2,19,9,1,18
15010,Joseph,3,19,11,0,19
15013,Elizabeth,0,68,39,0,68
15014,Helen,0,8,5,0,8
15015,Stephanie,0,0,0,0,0
15016,Deborah,3,184,26,3,181
15017,Jonathan,0,6,3,0,6
15019,Cynthia,0,0,0,0,0
15020,Kathleen,1,5,1,0,5
15022,Christopher,0,4,1,0,4
15023,Scott,1,10,6,1,9
15026,Ronald,0,1,0,0,1
15027,Joshua,4,47,1,10,37
15032,Ronald,0,0,0,0,0
15033,Richard,3,53,12,15,38
15034,Charles,5,49,13,1,48
15035,Barbara,3,11,2,0,11
15036,John,3,9,1,0,9
15038,Timothy,0,55,23,1,54
15039,Eric,9,98,24,0,98
15040,Elizabeth,0,3,1,0,3
15041,Jonathan,2,63,0,3,60
15042,Kathleen,3,38,8,1,37
15043,Eric,4,68,30,1,67
15044,Stephen,5,113,36,0,113
15045,Ronald,3,28,6,0,28
15046,Donna,2,6,1,1,5
15048,Justin,1,7,5,0,7
15049,Justin,0,3,2,0,3
15051,Stephanie,1,23,0,1,22
15052,Michael,0,0,0,0,0
15053,Timothy,2,28,19,0,28
15054,Linda,0,11,0,0,11
15055,Jeffrey,1,41,22,0,41
15057,Ashley,5,102,70,1,101
15058,Kimberly,3,71,22,3,68
15060,Charles,0,9,5,0,9
15061,Charles,0,4,2,0,4
15062,Gary,5,122,69,0,122
15065,Elizabeth,7,166,104,7,159
15066,Elizabeth,2,28,4,3,25
15067,Rebecca,0,9,2,1,8
15069,Stephanie,5,50,28,0,50
15070,Eric,0,3,1,0,3
15071,Stephanie,2,29,9,0,29
15072,Stephanie,5,39,11,0,39
15073,Stephanie,5,22,4,0,22
15076,Robert,3,23,12,1,22
15078,Eric,0,29,2,0,29
15079,Ashley,0,27,16,1,26
15080,Ashley,11,284,117,147,137
15081,Daniel,0,6,5,0,6
15082,Jennifer,0,76,6,2,74
15083,Michael,0,0,0,0,0
15084,Larry,3,66,33,1,65
15085,Timothy,1,5,4,0,5
15086,Nancy,0,2,1,0,2
15087,Donna,0,19,10,3,16
15088,Timothy,2,8,6,0,8
15089,Timothy,1,14,9,0,14
15090,Cynthia,0,0,0,0,0
15091,Barbara,0,16,14,1,15
15094,Timothy,3,380,326,0,380
15095,James,1,0,0,0,0
15096,Barbara,0,2,0,1,1
15097,Eric,10,120,33,0,120
15098,Barbara,0,55,41,4,51
15100,Scott,1,24,22,0,24
15103,Melissa,4,5,0,0,5
15104,Jessica,1,90,59,5,85
15106,Melissa,2,10,3,0,10
15110,Jacob,0,2,0,1,1
15111,Jeffrey,0,12,5,0,12
15112,Nicholas,1,4,0,0,4
15113,Anthony,1,57,8,0,57
15115,Emily,0,116,51,0,116
15117,Donna,0,16,8,1,15
15118,Larry,14,89,11,3,86
15119,Gary,1,12,1,1,11
15120,Mark,4,122,19,35,87
15121,Ryan,1,2,1,0,2
15122,Ryan,0,4,3,0,4
15123,Jessica,3,68,41,3,65
15125,Jessica,2,13,4,2,11
15126,Jessica,1,65,30,3,62
15128,Jessica,4,42,16,3,39
15129,Ryan,4,37,7,1,36
15130,Larry,12,142,8,27,115
15134,Jeffrey,0,7,4,0,7
15135,Jeffrey,0,61,30,1,60
15136,Kenneth,0,0,0,0,0
15138,Jeffrey,0,4,1,0,4
15139,Michelle,3,87,40,5,82
15140,Michelle,1,9,2,1,8
15141,Helen,1,6,3,0,6
15142,Michelle,1,33,10,3,30
15143,Jessica,3,71,4,1,70
15145,Amanda,0,20,17,0,20
15146,Emily,0,13,4,3,10
15147,Jeffrey,1,3,1,0,3
15148,Jacob,0,46,29,15,31
15149,Michael,0,0,0,0,0
15151,Amanda,4,21,12,0,21
15152,Daniel,2,82,64,2,80
15153,Charles,1,39,27,2,37
15154,Barbara,1,51,30,6,45
15155,Amanda,0,2,1,0,2
15157,Deborah,7,148,54,2,146
15159,Amanda,0,36,30,0,36
15160,Cynthia,0,0,0,0,0
15162,Nancy,0,16,0,1,15
15163,Laura,3,13,0,5,8
15164,Gary,1,7,3,0,7
15165,Stephen,0,4,0,0,4
15166,Nancy,3,15,6,0,15
15167,Nancy,0,4,1,0,4
15168,Laura,1,7,2,2,5
15169,Laura,8,73,23,3,70
15172,Daniel,2,47,38,1,46
15173,Kimberly,8,67,25,0,67
15174,Lisa,0,3,1,0,3
15175,Lisa,0,6,3,0,6
15176,Susan,19,231,74,14,217
15178,Nicholas,0,0,0,0,0
15179,Kimberly,4,29,2,0,29
15180,Michael,0,0,0,0,0
15181,Nicholas,0,29,18,3,26
15184,Kimberly,8,101,58,1,100
15185,Jeffrey,0,6,2,0,6
15186,Nicholas,0,91,50,15,76
15187,Melissa,0,142,91,3,139
15189,Melissa,0,93,64,0,93
15191,John,0,5,1,1,4
15192,Linda,4,52,1,0,52
15193,Scott,0,2,0,0,2
15194,Stephanie,5,85,61,1,84
15196,Richard,0,4,3,0,4
15197,Stephanie,4,24,9,0,24
15202,Jeffrey,2,19,5,0,19
15203,Timothy,0,11,1,5,6
15208,Susan,1,39,6,1,38
15211,Stephen,2,12,7,0,12
15212,Deborah,0,42,0,3,39
15213,Kenneth,0,0,0,0,0
15214,Michelle,3,27,10,2,25
15215,Stephen,6,30,4,0,30
15218,Stephen,0,6,3,0,6
15220,Michelle,2,8,3,0,8
15221,Amanda,4,50,17,0,50
15222,Michelle,0,3,1,0,3
15223,Michelle,2,23,11,2,21
15224,Ronald,0,2,0,0,2
15226,Ronald,0,4,1,0,4
15227,Timothy,10,36,7,4,32
15233,Stephen,2,17,5,0,17
15234,Jessica,3,6,0,0,6
15236,Ryan,2,28,9,0,28
15237,Barbara,0,6,4,0,6
15238,Sandra,0,41,37,0,41
15239,Donald,0,0,0,0,0
15240,Laura,2,22,7,0,22
15241,Helen,1,10,5,0,10
15243,Richard,0,13,9,0,13
15246,Stephanie,3,18,5,0,18
15247,Justin,1,26,18,0,26
15248,Justin,5,57,42,1,56
15250,Donna,0,3,2,0,3
15253,Gary,2,14,0,0,14
15255,Justin,2,36,19,0,36
15256,Justin,0,9,7,0,9
15257,Justin,7,29,14,0,29
15260,Ryan,0,9,6,0,9
15261,Robert,9,447,346,57,390
15262,Ryan,0,224,190,0,224
15265,Thomas,6,28,8,0,28
15266,Amy,0,0,0,0,0
15268,Christopher,1,7,1,1,6
15270,Cynthia,0,0,0,0,0
15273,David,0,0,0,0,0
15274,Anthony,4,86,12,30,56
15275,Amanda,0,7,0,0,7
15276,Helen,0,13,9,0,13
15277,Charles,0,7,4,0,7
15281,Susan,0,15,2,0,15
15285,Robert,2,11,6,0,11
15286,Nancy,3,17,3,0,17
15287,Scott,0,2,1,0,2
15288,Nancy,1,19,3,4,15
15294,Kimberly,3,80,53,1,79
15297,Daniel,0,11,6,0,11
15298,Robert,4,33,18,0,33
15300,Jacob,0,44,18,3,41
15301,Kathleen,1,12,5,0,12
15302,Jessica,0,14,1,0,14
15305,Robert,2,6,2,0,6
15308,Barbara,0,9,4,0,9
15309,Rebecca,0,13,8,1,12
15312,Barbara,0,9,4,0,9
15314,Michelle,0,7,4,0,7
15316,Rebecca,0,6,2,0,6
15317,Melissa,0,9,5,0,9
15320,Lisa,0,2,0,0,2
15321,Daniel,0,12,5,3,9
15322,Larry,0,43,23,2,41
15324,Brian,0,10,3,0,10
15325,Lisa,2,6,3,0,6
15327,Gary,1,11,5,1,10
15329,Ryan,10,41,0,9,32
15330,Ryan,4,18,7,0,18
15334,Susan,0,13,4,0,13
15336,John,24,62,0,1,61
15337,Linda,5,62,0,1,61
15340,Charles,4,77,15,11,66
15343,Linda,2,0,0,0,0
15344,Donald,0,0,0,0,0
15345,Kenneth,0,0,0,0,0
15346,Kenneth,0,0,0,0,0
15348,Ryan,9,209,105,1,208
15349,Sandra,2,31,22,0,31
15350,Jessica,0,4,4,0,4
15351,Sandra,0,11,1,0,11
15352,Lisa,0,13,9,0,13
15353,Patricia,0,21,7,0,21
15354,Kathleen,3,113,55,0,113
15357,Linda,1,16,1,0,16
15359,Stephen,1,5,0,0,5
15360,Timothy,4,73,41,2,71
15362,Timothy,0,10,4,0,10
15364,Stephen,2,6,0,0,6
15365,Brandon,14,136,25,0,136
15366,Eric,3,14,4,0,14
15367,Brandon,14,158,19,0,158
15368,Stephen,2,4,0,0,4
15369,Brandon,4,15,4,0,15
15370,Elizabeth,2,25,6,0,25
15372,Jessica,7,143,104,0,143
15373,Gary,2,29,11,1,28
15374,Gary,7,75,18,0,75
15375,Daniel,2,141,57,3,138
15376,Jacob,1,60,41,1,59
15378,Kimberly,0,15,5,0,15
15380,Brandon,0,43,17,0,43
15381,Betty,0,0,0,0,0
15382,Ryan,5,135,79,4,131
15383,Michelle,3,34,26,0,34
15384,Barbara,6,20,5,0,20
15385,Cynthia,0,0,0,0,0
15386,Michelle,0,11,9,0,11
15387,Linda,1,10,3,0,10
15388,Michael,0,0,0,0,0
15390,Amanda,0,2,0,0,2
15391,Eric,0,35,26,0,35
15392,Eric,1,24,9,0,24
15394,Michael,0,0,0,0,0
15395,Amanda,1,2,0,0,2
15396,Michael,0,0,0,0,0
15397,Amanda,0,1,0,0,1
15398,Amanda,0,2,1,0,2
15399,Amanda,0,1,0,0,1
15400,Amanda,0,3,0,0,3
15401,Robert,0,4,3,0,4
15402,Jacob,6,52,24,2,50
15406,Stephen,1,3,0,0,3
15407,Larry,3,23,12,0,23
15408,Stephen,1,3,0,0,3
15410,Jacob,0,10,4,0,10
15411,Amanda,2,4,0,0,4
15412,Stephen,4,7,0,0,7
15413,Amanda,0,2,0,0,2
15414,Stephen,3,10,2,1,9
15415,Stephen,1,1,0,0,1
15416,Brandon,0,1,0,0,1
15417,Amanda,2,6,1,0,6
15418,Stephen,3,12,2,0,12
15419,Donna,2,37,4,0,37
15421,Donna,0,8,0,0,8
15422,Donna,1,13,3,0,13
15423,Donna,1,10,2,0,10
15424,Michael,0,0,0,0,0
15426,Richard,0,11,7,0,11
15432,Brandon,0,58,8,0,58
15433,John,0,29,1,2,27
15436,Linda,1,28,14,2,26
15437,Patricia,1,14,0,5,9
15438,Brandon,1,3,0,0,3
15440,Nicholas,0,1,0,0,1
15441,Nicholas,0,7,3,1,6
15442,Ryan,2,34,16,0,34
15443,Brandon,0,1,0,0,1
15444,Brandon,0,1,0,0,1
15445,Stephanie,1,9,3,0,9
15447,William,0,0,0,0,0
15448,Stephen,4,14,1,0,14
15451,Joseph,0,7,4,1,6
15452,Cynthia,0,0,0,0,0
15453,Stephen,0,15,14,0,15
15454,Charles,0,40,22,18,22
15457,Brian,0,63,48,2,61
15458,Sandra,2,10,1,0,10
15459,Joshua,17,607,310,20,587
15461,Richard,0,10,8,2,8
15462,Richard,0,8,6,2,6
15466,Jessica,0,9,5,0,9
15468,Christopher,0,7,0,0,7
15469,John,0,3,2,0,3
15470,William,0,0,0,0,0
15471,Lisa,3,15,4,1,14
15472,Christopher,0,17,8,1,16
15473,Larry,3,87,20,5,82
15474,Timothy,15,416,193,4,412
15475,Brandon,3,24,7,1,23
15476,Gary,2,27,5,0,27
15478,Christopher,0,30,2,3,27
15479,Christopher,1,10,1,1,9
15480,Stephanie,2,87,78,0,87
15481,Jessica,1,47,15,0,47
15482,Scott,0,6,3,0,6
15483,Nancy,1,3,1,0,3
15485,Timothy,0,54,29,0,54
15488,Scott,0,12,3,1,11
15489,Timothy,0,8,1,1,7
15490,Ryan,5,134,77,1,133
15492,Scott,1,13,3,2,11
15493,Scott,4,31,9,1,30
15494,Charles,0,1,0,0,1
15495,Ronald,0,24,0,3,21
15496,Ronald,2,16,11,0,16
15500,Brandon,6,52,9,1,51
15501,Mark,0,2,0,2,0
15502,Justin,2,53,41,0,53
15503,Timothy,1,5,3,0,5
15504,Ronald,2,66,0,17,49
15505,Scott,0,2,0,0,2
15507,Jeffrey,5,34,17,0,34
15508,Susan,0,8,5,0,8
15509,Kimberly,5,66,20,2,64
15510,Scott,0,3,1,1,2
15511,Timothy,3,107,46,1,106
15512,Jacob,1,30,3,1,29
15513,Christopher,1,8,0,0,8
15514,Jeffrey,6,111,67,0,111
15520,Gary,5,37,10,2,35
15521,Kimberly,0,58,33,4,54
15522,Kimberly,0,25,4,0,25
15523,William,0,0,0,0,0
15524,William,0,0,0,0,0
15525,William,0,0,0,0,0
15527,Timothy,3,71,45,4,67
15528,Ryan,2,15,0,2,13
15529,Cynthia,0,0,0,0,0
15530,Amanda,0,69,28,0,69
15531,Emily,0,18,8,0,18
15532,Helen,0,9,8,0,9
15537,Patricia,12,99,23,1,98
15538,Jeffrey,0,8,3,0,8
15539,Robert,2,57,24,7,50
15540,Patricia,5,17,0,0,17
15541,Timothy,0,14,6,2,12
15542,Cynthia,0,0,0,0,0
15544,Linda,4,66,28,3,63
15545,Justin,9,36,4,1,35
15549,Patricia,0,31,21,0,31
15550,Kimberly,0,39,17,13,26
15551,Donna,3,17,2,1,16
15552,Jeffrey,2,79,45,3,76
15553,Joseph,0,4,1,0,4
15554,Daniel,0,7,7,0,7
15555,Stephen,0,54,16,1,53
15556,Stephen,4,10,3,0,10
15558,Christopher,0,84,40,2,82
15560,Timothy,3,13,4,0,13
15563,Ryan,18,89,12,6,83
15566,Joseph,1,7,2,0,7
15567,Joseph,1,7,1,0,7
15571,Melissa,0,1,0,0,1
15573,Melissa,1,3,0,0,3
15575,Donna,0,28,25,0,28
15578,Mark,0,29,3,2,27
15580,Mark,3,40,1,0,40
15581,Christopher,1,9,2,0,9
15582,Amanda,1,10,3,0,10
15585,Gary,0,9,5,0,9
15587,Linda,1,32,20,0,32
15589,Jacob,4,23,12,0,23
15590,Jacob,5,63,39,0,63
15591,Donna,5,20,6,1,19
15592,Donna,0,6,2,0,6
15596,Brandon,0,4,3,0,4
15597,Linda,0,11,8,0,11
15599,Nancy,0,9,1,0,9
15600,Jacob,4,54,2,0,54
15601,Larry,0,16,13,1,15
15602,Sandra,1,39,6,2,37
15604,Helen,3,47,28,2,45
15608,Barbara,5,12,4,0,12
15609,Scott,0,1,1,0,1
15610,Barbara,1,10,6,0,10
15612,Kimberly,0,60,11,0,60
15613,Gary,0,19,9,0,19
15615,Jeffrey,3,96,50,0,96
15616,Sandra,3,65,47,0,65
15618,Helen,0,0,0,0,0
15619,Cynthia,0,0,0,0,0
15620,Cynthia,0,0,0,0,0
15622,Barbara,3,38,20,2,36
15625,William,0,0,0,0,0
15626,Barbara,9,31,13,0,31
15627,Barbara,0,42,25,1,41
15628,Daniel,0,8,3,0,8
15629,Deborah,0,78,61,1,77
15630,Deborah,0,93,74,1,92
15631,Patricia,0,8,4,1,7
15632,Cynthia,0,0,0,0,0
15637,Karen,0,0,0,0,0
15639,Patricia,0,3,0,0,3
15643,Daniel,0,10,5,2,8
15645,Daniel,0,5,2,1,4
15646,Elizabeth,0,3,2,1,2
15648,Daniel,0,5,1,0,5
15649,Daniel,0,9,2,1,8
15650,Richard,0,45,18,8,37
15652,Richard,0,25,1,8,17
15654,Cynthia,0,0,0,0,0
15656,Donna,0,49,2,0,49
15658,Robert,1,98,54,10,88
15659,Daniel,0,10,2,1,9
15660,Jessica,6,151,54,3,148
15661,Daniel,0,6,4,0,6
15663,Daniel,2,14,4,1,13
15666,Emily,0,12,4,0,12
15667,Jennifer,1,34,21,1,33
15668,Barbara,3,47,3,6,41
15670,Emily,0,14,12,0,14
15671,Melissa,0,17,10,1,16
15673,Jennifer,1,53,3,3,50
15674,David,0,0,0,0,0
15675,Emily,0,6,3,0,6
15676,Amanda,3,4,0,0,4
15677,Barbara,2,53,49,0,53
15678,Helen,2,82,64,0,82
15679,Gary,0,49,7,2,47
15680,Gary,5,86,38,27,59
15682,Gary,6,79,30,19,60
15683,Helen,1,48,28,0,48
15685,Scott,0,14,5,0,14
15686,Kathleen,0,21,9,4,17
15687,Jessica,3,5,0,1,4
15688,Helen,0,5,2,1,4
15689,Mary,2,81,0,1,80
15690,Nancy,3,61,5,0,61
15691,Mary,2,75,1,0,75
15692,Jessica,0,56,38,0,56
15694,Stephanie,1,60,21,2,58
15695,Stephanie,0,34,26,8,26
15703,Amanda,0,4,3,0,4
15704,Justin,3,12,3,0,12
15706,Justin,7,15,4,0,15
15707,Justin,6,24,5,0,24
15710,Justin,8,17,1,2,15
15712,Justin,0,3,0,0,3
15713,Justin,0,2,0,0,2
15714,Ryan,0,6,1,0,6
15715,Ryan,4,11,1,0,11
15716,Amanda,2,25,15,1,24
15717,Elizabeth,7,171,74,13,158
15718,Gary,2,12,0,0,12
15720,Ryan,1,97,79,0,97
15723,Scott,0,41,16,2,39
15724,Deborah,0,19,9,0,19
15725,Donna,2,77,50,1,76
15727,Laura,4,30,15,5,25
15728,Timothy,1,6,1,2,4
15729,Laura,3,54,36,7,47
15731,Brian,0,4,4,0,4
15733,Laura,3,63,33,4,59
15735,William,0,0,0,0,0
15738,Linda,1,10,2,3,7
15740,Justin,1,6,3,0,6
15741,Justin,1,7,2,2,5
15742,Jacob,7,32,13,0,32
15743,Nancy,3,9,1,0,9
15744,Barbara,3,38,18,1,37
15745,Jeffrey,7,86,56,2,84
15746,Timothy,3,21,10,3,18
15747,Richard,0,1,0,0,1
15748,Richard,0,2,0,0,2
15749,Richard,0,0,0,0,0
15754,Scott,3,91,74,0,91
15756,Lisa,0,4,3,0,4
15757,Emily,0,8,5,0,8
15760,William,0,0,0,0,0
15761,Stephen,3,19,5,4,15
15762,William,0,0,0,0,0
15763,Gary,0,104,49,0,104
15766,Scott,2,13,0,2,11
15768,Scott,0,41,39,0,41
15769,Scott,4,77,66,2,75
15770,Timothy,4,16,11,2,14
15771,Timothy,5,46,27,5,41
15772,Stephen,2,11,7,0,11
15773,Stephen,0,7,6,0,7
15775,Cynthia,0,0,0,0,0
15777,Barbara,0,4,4,0,4
15778,Brian,0,0,0,0,0
15780,Mark,5,58,10,0,58
15782,Barbara,6,18,9,0,18
15784,Jessica,6,39,10,4,35
15785,Barbara,4,15,8,0,15
15786,Larry,7,68,35,14,54
15787,Larry,4,43,22,9,34
15788,Larry,5,47,26,9,38
15789,Larry,7,75,32,8,67
15791,Ryan,0,9,4,0,9
15792,Sandra,1,9,2,0,9
15795,Linda,1,17,11,0,17
15797,Jeffrey,1,12,4,0,12
15798,Jeffrey,4,95,40,1,94
15801,Charles,1,15,3,0,15
15802,Cynthia,0,0,0,0,0
15803,Elizabeth,0,13,11,0,13
15805,Barbara,0,53,37,3,50
15806,Karen,0,0,0,0,0
15808,Melissa,1,9,4,0,9
15809,Jennifer,5,32,15,0,32
15810,Stephanie,9,70,13,0,70
15811,Justin,0,29,19,0,29
15812,Jennifer,5,22,8,0,22
15813,Barbara,1,2,1,0,2
15814,Jennifer,15,97,35,0,97
15815,Joshua,6,87,31,15,72
15817,Barbara,1,1,0,0,1
15818,Jennifer,4,101,72,1,100
15819,Jennifer,4,39,23,1,38
15822,Jessica,4,19,12,0,19
15824,Stephanie,11,130,35,1,129
15825,Donna,3,81,3,23,58
15826,Jennifer,11,43,18,2,41
15827,Jennifer,0,36,21,2,34
15828,Jennifer,3,75,41,10,65
15829,Jennifer,11,124,94,1,123
15833,Amanda,0,14,8,0,14
15834,Amanda,0,6,0,0,6
15837,Stephen,2,18,8,1,17
15838,Jessica,5,132,69,0,132
15839,Cynthia,0,0,0,0,0
15841,Deborah,0,23,4,1,22
15842,Gary,0,100,43,35,65
15843,Amanda,3,9,4,0,9
15844,Linda,1,32,26,0,32
15847,Amanda,3,49,35,1,48
15848,Timothy,0,7,6,0,7
15849,Charles,0,22,14,0,22
15852,Charles,3,69,22,1,68
15853,Christopher,2,46,11,1,45
15856,Elizabeth,5,110,80,7,103
15857,Charles,1,34,25,1,33
15858,Gary,0,1,0,1,0
15860,Jessica,0,7,4,0,7
15861,Cynthia,0,0,0,0,0
15866,Paul,1,45,27,0,45
15870,Paul,2,45,30,0,45
15873,Kimberly,2,20,3,2,18
15874,Christopher,0,0,0,0,0
15877,Kimberly,2,22,7,1,21
15878,Gary,0,66,44,7,59
15879,Gary,0,11,7,1,10
15880,Kimberly,1,92,49,3,89
15881,Kimberly,0,60,49,0,60
15882,Kimberly,0,52,23,0,52
15883,Jessica,1,4,2,0,4
15884,Jessica,5,65,34,1,64
15885,Deborah,0,20,10,0,20
15886,Scott,3,30,17,0,30
15887,Lisa,0,0,0,0,0
15890,John,3,31,25,0,31
15892,Kenneth,0,0,0,0,0
15895,Kenneth,0,0,0,0,0
15898,Stephen,0,16,8,1,15
15900,Jessica,3,44,24,2,42
15901,Nancy,2,58,44,0,58
15904,Nancy,0,10,0,0,10
15906,Elizabeth,0,56,8,7,49
15907,Thomas,1,17,8,0,17
15908,Ryan,11,66,14,5,61
15909,Nicholas,0,88,76,1,87
15911,Thomas,9,112,21,0,112
15912,Joseph,0,15,12,0,15
15913,Matthew,0,26,11,1,25
15914,Amanda,1,9,4,0,9
15918,Kimberly,0,79,34,2,77
15920,Linda,13,135,43,0,135
15921,Elizabeth,0,40,19,0,40
15922,Larry,3,31,7,4,27
15926,Gary,3,74,7,17,57
15928,Helen,4,65,39,0,65
15929,Larry,1,14,9,1,13
15930,Barbara,0,11,7,3,8
15931,Cynthia,0,0,0,0,0
15932,Larry,5,49,28,1,48
15933,Barbara,0,25,9,4,21
15934,Margaret,0,0,0,0,0
15935,Nicholas,2,143,61,45,98
15936,Kathleen,0,35,17,2,33
15937,Jeffrey,0,28,15,3,25
15938,Jeffrey,0,13,2,11,2
15939,Sandra,0,19,13,0,19
15940,Sandra,0,29,21,0,29
15941,Gary,3,24,1,2,22
15942,Larry,7,118,50,23,95
15943,Justin,11,28,8,1,27
15944,Larry,2,57,23,2,55
15945,Gary,1,58,27,13,45
15948,Jeffrey,15,373,111,8,365
15950,Brandon,3,3,0,0,3
15951,Timothy,1,15,13,0,15
15952,Brandon,0,0,0,0,0
15953,Kimberly,0,96,31,3,93
15954,Kimberly,0,63,19,4,59
15955,Brandon,0,1,0,0,1
15956,Kimberly,0,81,33,0,81
15957,Kimberly,0,68,15,2,66
15958,Brandon,0,0,0,0,0
15959,Brandon,1,1,0,0,1
15960,Helen,3,101,35,8,93
15961,Brandon,2,2,0,0,2
15967,Patricia,0,0,0,0,0
15968,Patricia,0,0,0,0,0
15970,Amanda,1,33,31,0,33
15973,Michelle,11,81,7,0,81
15975,Melissa,1,9,6,0,9
15977,Melissa,0,4,4,0,4
15979,Ryan,1,2,0,0,2
15984,Joseph,5,17,7,0,17
15985,Timothy,0,8,2,0,8
15986,David,0,0,0,0,0
15987,David,0,0,0,0,0
15988,David,0,0,0,0,0
15989,Jacob,3,34,11,14,20
15990,Jessica,0,2,1,0,2
15991,Jessica,2,114,19,5,109
15992,Michael,0,0,0,0,0
15993,Stephen,2,10,1,1,9
15994,Stephen,0,3,0,0,3
15995,Stephen,0,5,4,0,5
15999,Larry,1,30,21,1,29
16000,Jeffrey,6,102,53,1,101
16002,Donna,1,35,14,0,35
16006,Amanda,0,36,25,0,36
16007,Richard,0,78,16,19,59
16009,Justin,2,14,12,1,13
16010,Justin,12,35,3,6,29
16011,Brian,2,30,13,0,30
16012,Joseph,1,30,12,2,28
16015,Kimberly,1,14,7,0,14
16018,Sandra,1,9,6,0,9
16019,Sandra,2,32,6,1,31
16020,Scott,1,5,1,0,5
16021,Sandra,3,25,18,0,25
16023,Jennifer,7,110,51,22,88
16026,Donna,4,50,38,1,49
16028,Stephen,0,6,0,0,6
16029,Gary,0,10,7,0,10
16032,Laura,1,15,5,0,15
16033,Cynthia,0,0,0,0,0
16037,Lisa,2,7,5,0,7
16038,Ronald,0,66,40,0,66
16040,Nancy,1,36,18,1,35
16042,Helen,0,4,4,0,4
16044,Scott,0,28,27,1,27
16046,Nancy,3,30,15,0,30
16047,Nancy,3,28,16,1,27
16048,Nancy,2,32,15,1,31
16049,Helen,0,38,35,0,38
16050,Nancy,2,41,17,0,41
16051,Nicholas,2,18,10,0,18
16052,Nancy,3,48,33,0,48
16053,Deborah,2,113,43,5,108
16054,Stephen,7,101,10,3,98
16055,Donna,6,155,76,11,144
16059,Jacob,2,48,19,22,26
16064,Michelle,0,3,3,0,3
16065,Kathleen,1,13,8,0,13
16066,Michelle,0,6,5,0,6
16069,Amanda,6,74,48,1,73
16071,William,0,0,0,0,0
16073,Ronald,0,8,3,0,8
16074,Nicholas,0,107,71,31,76
16076,Gary,0,18,9,0,18
16077,Joshua,7,91,21,1,90
16078,Donna,0,23,17,0,23
16080,Daniel,1,0,0,0,0
16081,Justin,3,7,0,1,6
16082,Larry,0,119,55,15,104
16083,Ronald,4,36,26,0,36
16089,Daniel,0,0,0,0,0
16090,Elizabeth,0,1,1,0,1
16092,Michael,0,0,0,0,0
16093,Michael,0,0,0,0,0
16094,Michael,0,0,0,0,0
16095,Brian,0,1,1,0,1
16097,Michael,0,0,0,0,0
16100,Donna,2,40,15,0,40
16101,Sandra,0,8,0,0,8
16102,Melissa,1,31,19,1,30
16104,Jacob,0,92,13,20,72
16105,Helen,0,57,48,0,57
16106,Melissa,1,31,5,2,29
16108,Melissa,3,137,20,1,136
16109,Gary,5,70,8,1,69
16110,Michael,0,0,0,0,0
16113,Barbara,9,143,56,15,128
16114,Donald,0,0,0,0,0
16115,Christopher,0,5,0,0,5
16116,Donald,0,0,0,0,0
16117,Donald,0,0,0,0,0
16118,John,3,84,71,0,84
16119,Barbara,0,8,5,1,7
16120,Barbara,0,48,39,7,41
16121,Ryan,0,12,0,0,12
16122,Jessica,0,0,0,0,0
16124,Karen,0,0,0,0,0
16125,Jessica,0,0,0,0,0
16126,Lisa,0,11,8,0,11
16127,Thomas,10,82,11,0,82
16128,Gary,6,31,8,3,28
16129,Larry,0,4,1,1,3
16131,Amanda,5,24,10,0,24
16132,Larry,7,67,11,2,65
16134,Deborah,1,38,13,0,38
16135,Michelle,6,113,34,0,113
16137,Barbara,2,9,2,2,7
16138,Matthew,1,40,28,0,40
16139,Linda,0,44,18,4,40
16140,Linda,0,94,60,5,89
16141,Deborah,0,48,39,0,48
16144,Cynthia,0,0,0,0,0
16145,Timothy,0,0,0,0,0
16146,Timothy,2,4,0,1,3
16148,Kathleen,0,39,23,0,39
16158,Michael,0,0,0,0,0
16159,Nicholas,5,41,27,1,40
16161,Amanda,0,16,9,0,16
16162,Amanda,1,20,9,0,20
16163,Amanda,2,23,10,0,23
16168,Stephen,0,8,8,0,8
16169,Helen,6,230,177,4,226
16171,Deborah,1,33,18,0,33
16172,Susan,0,2,2,0,2
16173,Jeffrey,5,107,59,1,106
16175,Helen,1,4,2,0,4
16178,Susan,0,0,0,0,0
16179,Kimberly,3,9,3,0,9
16180,Stephen,1,43,16,0,43
16181,Kathleen,3,81,30,2,79
16182,Nicholas,2,146,75,5,141
16183,Charles,0,9,1,0,9
16184,Larry,11,272,163,9,263
16185,Larry,14,250,69,24,226
16186,Patricia,1,7,4,0,7
16188,Jessica,0,18,14,0,18
16189,Daniel,1,7,2,1,6
16190,Gary,0,2,2,0,2
16191,Justin,3,87,22,11,76
16192,Lisa,9,23,10,2,21
16195,Stephen,1,6,5,0,6
16196,Barbara,2,116,84,18,98
16197,Donald,0,0,0,0,0
16198,Ronald,0,0,0,0,0
16199,Rebecca,0,5,4,0,5
16200,Jeffrey,0,6,2,1,5
16201,Kathleen,3,43,14,0,43
16202,Jeffrey,3,88,44,9,79
16203,Jeffrey,3,22,2,2,20
16204,Charles,0,29,26,0,29
16205,Kathleen,0,68,23,1,67
16206,Donna,3,80,56,0,80
16207,Donna,0,23,18,0,23
16208,Stephen,3,66,53,0,66
16210,Nicholas,11,128,101,0,128
16211,Gary,5,50,12,1,49
16212,William,0,0,0,0,0
16214,Gary,8,21,1,1,20
16215,Thomas,16,98,31,6,92
16216,Sandra,1,57,44,0,57
16217,Michael,0,0,0,0,0
16218,Joseph,9,68,19,0,68
16219,Michael,0,0,0,0,0
16221,Barbara,0,2,0,0,2
16222,Barbara,3,22,3,16,6
16223,Barbara,3,50,7,22,28
16224,Timothy,0,145,99,0,145
16225,Amanda,0,7,5,0,7
16228,Melissa,3,9,0,0,9
16229,Mary,0,107,17,6,101
16231,Ryan,0,143,110,0,143
16232,Donna,0,9,7,0,9
16233,Amanda,0,66,28,0,66
16234,Jeffrey,1,26,11,4,22
16235,Jessica,6,31,2,0,31
16236,Jessica,2,19,1,0,19
16237,Christopher,0,12,4,0,12
16238,Stephanie,3,96,62,0,96
16241,Laura,5,70,48,4,66
16242,Stephanie,1,61,38,0,61
16243,Nicholas,0,9,3,0,9
16247,Stephanie,0,33,14,0,33
16248,David,0,0,0,0,0
16249,Larry,0,69,28,2,67
16250,Ryan,0,0,0,0,0
16251,Susan,1,11,8,0,11
16253,Stephen,0,5,2,1,4
16255,William,0,0,0,0,0
16256,Barbara,0,1,0,0,1
16257,Helen,2,23,16,0,23
16260,Thomas,0,5,1,0,5
16261,Donna,0,18,13,0,18
16262,Stephen,0,3,3,0,3
16263,Larry,0,55,32,1,54
16264,Emily,1,9,7,0,9
16265,Kathleen,0,11,1,0,11
16269,Daniel,0,102,17,11,91
16271,Paul,0,23,13,0,23
16272,William,0,6,2,1,5
16273,Helen,0,0,0,0,0
16274,Ryan,0,0,0,0,0
16275,Kenneth,0,0,0,0,0
16276,Nicholas,0,155,58,9,146
16279,Stephen,9,19,3,0,19
16280,Barbara,5,52,19,20,32
16281,Stephen,3,38,35,0,38
16282,Stephen,6,10,2,0,10
16283,Michelle,1,8,5,2,6
16284,Michelle,1,7,6,0,7
16285,Stephen,8,25,4,0,25
16286,Ryan,0,28,23,1,27
16287,Ryan,2,4,1,0,4
16292,Jeffrey,0,21,3,0,21
16294,Kimberly,2,22,8,1,21
16298,Jessica,0,10,4,1,9
16299,Stephen,0,1,0,0,1
16300,Ryan,0,14,7,0,14
16301,Jessica,0,4,3,0,4
16305,Thomas,0,66,52,9,57
16308,Thomas,0,57,37,17,40
16309,Thomas,0,21,8,7,14
16310,Emily,0,1,0,0,1
16312,Emily,1,19,11,2,17
16313,Daniel,0,59,24,0,59
16315,Thomas,0,6,3,0,6
16316,Jennifer,0,46,16,2,44
16317,Thomas,0,6,5,1,5
16319,Barbara,0,8,0,1,7
16320,Jessica,1,74,48,2,72
16321,Sandra,6,131,13,8,123
16323,Jeffrey,0,27,2,1,26
16324,Jeffrey,3,52,14,3,49
16325,Jeffrey,2,21,3,0,21
16326,Thomas,0,30,15,9,21
16327,Thomas,0,5,1,1,4
16328,Joseph,4,12,2,0,12
16330,Gary,6,97,25,1,96
16331,Lisa,0,7,7,0,7
16332,Michael,0,0,0,0,0
16333,Stephen,3,21,6,0,21
16334,Michael,0,0,0,0,0
16335,Stephen,2,7,1,1,6
16336,Scott,1,19,8,0,19
16337,Michael,0,0,0,0,0
16339,Larry,0,8,5,0,8
16342,Gary,8,24,11,0,24
16343,Kimberly,0,4,4,0,4
16344,Charles,0,31,15,5,26
16348,Thomas,0,26,19,2,24
16350,Gary,2,6,2,1,5
16351,Deborah,1,24,6,0,24
16352,Kimberly,3,9,2,0,9
16353,Nicholas,0,72,41,0,72
16354,Nancy,5,37,23,0,37
16357,Scott,0,7,5,0,7
16358,Stephen,1,1,0,0,1
16359,Michael,0,0,0,0,0
16360,Jessica,0,6,3,0,6
16362,Jessica,8,248,104,21,227
16368,Jennifer,15,246,43,8,238
16369,Michelle,0,23,7,3,20
16373,Michelle,1,33,9,1,32
16374,Jennifer,0,27,7,0,27
16375,Daniel,1,20,4,0,20
16378,Daniel,3,16,5,0,16
16380,Daniel,0,12,0,0,12
16382,Betty,0,0,0,0,0
16384,Patricia,0,18,14,0,18
16385,Jennifer,0,52,1,7,45
16386,Thomas,0,1,1,0,1
16387,Brandon,0,72,50,1,71
16389,Scott,1,11,1,1,10
16391,Timothy,8,37,2,4,33
16392,Donna,0,62,48,1,61
16393,Paul,0,50,12,0,50
16396,Scott,2,4,0,1,3
16397,Paul,1,58,37,0,58
16398,Michelle,2,48,32,2,46
16399,Lisa,3,25,13,1,24
16400,Paul,0,202,68,0,202
16401,Michelle,3,29,23,1,28
16403,Joshua,2,7,1,0,7
16404,Timothy,2,7,2,1,6
16405,William,0,0,0,0,0
16406,Charles,0,159,130,0,159
16407,Charles,0,305,174,49,256
16408,Ryan,0,2,2,0,2
16409,Jeffrey,5,246,60,4,242
16410,Jessica,3,134,73,0,134
16412,Jessica,9,193,140,0,193
16413,Jessica,4,107,64,0,107
16414,Amanda,0,7,4,0,7
16416,Amanda,0,17,16,0,17
16418,Christopher,4,62,2,3,59
16420,Amanda,0,28,21,1,27
16421,Thomas,3,186,3,3,183
16422,Stephanie,1,105,65,2,103
16423,Jeffrey,3,3,0,0,3
16424,Stephanie,0,297,238,2,295
16426,Stephen,3,8,3,0,8
16427,Daniel,2,17,9,0,17
16428,Nancy,2,10,5,0,10
16430,Donna,0,176,119,7,169
16431,Jacob,3,26,9,4,22
16432,Thomas,0,9,8,0,9
16433,Thomas,0,4,4,0,4
16434,Deborah,1,68,23,1,67
16435,Ronald,0,0,0,0,0
16436,Melissa,2,43,19,4,39
16437,Amanda,0,46,27,0,46
16439,Joseph,0,23,11,2,21
16440,Stephanie,10,143,34,11,132
16441,Joshua,0,34,11,0,34
16442,Donna,2,97,68,12,85
16444,Joseph,0,1,0,1,0
16445,Joshua,0,19,2,4,15
16446,Ronald,0,67,31,22,45
16447,Joseph,0,94,30,1,93
16448,Stephanie,9,126,22,27,99
16449,Ronald,0,117,38,8,109
16450,Joshua,0,32,19,5,27
16451,Ronald,0,3,1,1,2
16452,Stephanie,8,149,23,31,118
16453,Stephanie,6,82,32,9,73
16455,Ryan,4,9,3,0,9
16456,Ryan,0,0,0,0,0
16457,Larry,0,36,33,0,36
16458,Ronald,0,0,0,0,0
16459,Ronald,0,0,0,0,0
16461,William,0,0,0,0,0
16462,Ryan,0,20,11,0,20
16463,Barbara,12,40,1,15,25
16464,Nicholas,0,64,34,8,56
16465,Barbara,13,45,8,9,36
16466,Charles,0,9,4,0,9
16467,Brandon,0,9,5,0,9
16469,Barbara,1,5,0,3,2
16470,Barbara,3,9,2,0,9
16472,Lisa,2,40,22,1,39
16473,Brandon,4,13,8,0,13
16474,Helen,5,85,62,0,85
16475,Helen,0,10,4,0,10
16476,Larry,3,103,70,1,102
16479,Christopher,9,162,58,1,161
16480,Christopher,0,23,14,1,22
16481,Christopher,1,66,32,1,65
16482,Patricia,0,0,0,0,0
16484,Patricia,1,3,2,0,3
16486,William,0,3,2,0,3
16487,Susan,0,72,50,0,72
16488,Daniel,0,0,0,0,0
16489,Susan,0,84,70,0,84
16490,Patricia,0,1,0,0,1
16491,Christopher,3,21,0,3,18
16492,Charles,0,15,14,0,15
16493,Joseph,4,117,52,0,117
16494,Joshua,0,12,3,2,10
16498,William,0,6,1,0,6
16502,William,0,7,0,1,6
16503,Steven,0,4,1,3,1
16505,Stephanie,17,167,67,4,163
16506,Gary,1,1,0,0,1
16509,Larry,0,27,3,1,26
16512,Larry,0,16,5,1,15
16513,Larry,0,13,9,0,13
16514,Susan,0,118,89,0,118
16516,Charles,0,1,1,0,1
16517,Nicholas,3,78,49,9,69
16518,Donna,2,23,17,0,23
16519,Barbara,4,50,33,6,44
16520,Barbara,2,54,31,9,45
16521,Susan,0,60,36,23,37
16524,Donna,0,72,62,1,71
16525,Donna,1,67,39,1,66
16526,Ronald,0,0,0,0,0
16529,Charles,3,50,20,0,50
16531,Larry,0,89,60,3,86
16532,Christopher,2,75,0,5,70
16533,Lisa,1,2,0,0,2
16534,Lisa,0,8,4,0,8
16535,Justin,3,21,4,0,21
16536,Karen,1,37,27,1,36
16537,Charles,2,150,94,2,148
16538,Brandon,3,13,8,0,13
16539,Donna,0,31,21,0,31
16540,Larry,1,36,21,4,32
16541,Lisa,0,4,4,0,4
16542,Jennifer,0,79,39,0,79
16543,Jennifer,0,66,17,2,64
16545,Stephen,2,12,6,0,12
16546,Lisa,0,7,4,0,7
16547,Karen,0,0,0,0,0
16548,Brandon,3,106,70,5,101
16549,Richard,1,10,5,0,10
16550,Larry,0,6,2,0,6
16551,Lisa,3,13,0,1,12
16552,Brandon,0,8,1,2,6
16553,Jeffrey,5,41,15,1,40
16554,Brandon,0,8,5,1,7
16556,Brandon,3,29,18,2,27
16557,Brandon,4,4,0,0,4
16558,Donna,0,9,5,0,9
16559,Brandon,0,2,0,0,2
16560,Brandon,2,3,0,0,3
16561,Brandon,8,26,10,1,25
16562,Nicholas,3,73,32,3,70
16563,Helen,0,16,13,0,16
16566,Larry,0,3,0,0,3
16569,Karen,4,13,7,0,13
16570,Joshua,0,102,56,28,74
16572,Joshua,0,9,2,7,2
16573,Karen,0,0,0,0,0
16575,Karen,0,3,3,0,3
16577,Justin,0,2,2,0,2
16578,Karen,2,9,5,0,9
16579,Justin,2,11,2,0,11
16580,Justin,1,6,3,0,6
16581,Justin,1,8,3,0,8
16582,Helen,5,214,123,1,213
16584,Joseph,11,163,3,11,152
16586,Deborah,10,54,16,1,53
16587,Thomas,5,81,30,6,75
16588,Karen,1,2,0,0,2
16590,Karen,1,2,1,0,2
16591,Karen,1,2,1,0,2
16592,Karen,2,3,1,0,3
16593,Karen,0,0,0,0,0
16594,Patricia,0,20,0,1,19
16595,Karen,0,1,1,0,1
16597,Karen,0,0,0,0,0
16598,Karen,0,0,0,0,0
16599,Sharon,0,0,0,0,0
16600,Karen,0,0,0,0,0
16602,Karen,0,4,1,0,4
16603,Patricia,0,1,1,0,1
16604,Betty,0,0,0,0,0
16605,Karen,0,0,0,0,0
16606,Betty,0,0,0,0,0
16607,Karen,1,1,0,0,1
16608,Betty,0,0,0,0,0
16609,Betty,0,0,0,0,0
16610,Karen,1,1,0,0,1
16611,Stephen,1,4,0,0,4
16612,Betty,0,0,0,0,0
16613,Karen,1,3,1,0,3
16614,Stephen,1,11,8,0,11
16616,Brandon,3,80,62,0,80
16618,Barbara,2,19,3,0,19
16620,Jennifer,24,250,16,4,246
16621,Ronald,4,121,61,5,116
16622,Gary,0,97,39,1,96
16623,Ronald,3,102,63,2,100
16625,Ronald,2,122,65,2,120
16626,Ronald,0,61,26,1,60
16627,Joseph,3,47,27,1,46
16628,Gary,0,56,31,6,50
16630,Susan,0,67,44,4,63
16633,Michelle,0,18,17,0,18
16634,Michelle,0,12,10,0,12
16635,Jeffrey,12,94,58,0,94
16636,Thomas,0,8,4,1,7
16637,Jeffrey,1,9,6,0,9
16638,Donna,2,91,30,1,90
16640,Donna,0,93,33,3,90
16641,Thomas,0,119,43,9,110
16642,Larry,0,138,58,2,136
16643,Larry,0,80,22,2,78
16644,Stephanie,42,196,126,3,193
16646,Gary,0,35,30,0,35
16647,Margaret,0,0,0,0,0
16648,Jeffrey,0,6,3,0,6
16649,Michelle,0,68,57,0,68
16650,Jennifer,10,110,67,6,104
16651,Jennifer,7,333,222,0,333
16652,Karen,6,110,83,0,110
16653,Barbara,3,23,6,1,22
16654,Gary,2,19,14,2,17
16656,Jessica,5,17,9,1,16
16657,Christopher,0,16,0,1,15
16658,Nancy,4,26,18,0,26
16663,William,1,3,0,0,3
16664,Karen,1,13,9,0,13
16666,Thomas,2,88,13,0,88
16668,Thomas,0,8,4,0,8
16670,Joshua,0,4,4,0,4
16672,Joseph,4,29,8,2,27
16673,Larry,0,17,3,0,17
16674,Patricia,5,29,6,1,28
16675,Michael,0,0,0,0,0
16678,Patricia,1,8,6,0,8
16680,Kimberly,4,71,26,0,71
16682,Kimberly,1,16,3,1,15
16683,Gary,0,64,37,18,46
16684,Joseph,6,63,41,0,63
16685,Ronald,18,194,1,0,194
16686,Ronald,3,106,0,0,106
16687,Ronald,4,25,16,0,25
16688,Joseph,0,0,0,0,0
16689,Thomas,2,58,40,0,58
16690,Thomas,2,70,17,0,70
16691,Thomas,1,42,30,0,42
16696,Gary,1,10,6,0,10
16698,Patricia,1,7,3,1,6
16699,Michelle,0,58,56,1,57
16700,Thomas,1,19,13,0,19
16701,Melissa,1,3,1,0,3
16702,Melissa,0,4,3,0,4
16704,Patricia,0,151,69,13,138
16706,Ryan,0,0,0,0,0
16707,Ryan,1,2,1,0,2
16708,Ryan,2,6,3,0,6
16709,Ryan,0,0,0,0,0
16711,Ryan,0,1,0,0,1
16712,Helen,0,8,7,0,8
16713,Kimberly,5,41,12,1,40
16714,Karen,0,8,0,1,7
16716,Susan,0,85,61,0,85
16717,Daniel,0,7,7,0,7
16718,Daniel,0,10,7,1,9
16719,Daniel,1,22,12,0,22
16723,Thomas,0,10,10,0,10
16724,Melissa,1,22,17,0,22
16726,Joseph,2,7,1,0,7
16727,Joseph,1,5,2,0,5
16728,Joseph,1,2,0,0,2
16729,Joseph,2,10,0,1,9
16730,Joseph,0,2,0,0,2
16731,Joseph,0,6,1,0,6
16732,Karen,5,62,31,0,62
16733,Joshua,0,71,13,4,67
16736,Charles,7,104,60,0,104
16737,Charles,0,52,31,2,50
16738,Charles,0,14,9,0,14
16740,Charles,0,15,8,0,15
16741,Daniel,0,0,0,0,0
16742,Nicholas,0,127,44,10,117
16744,Karen,0,0,0,0,0
16745,Gary,10,85,28,0,85
16746,Gary,9,109,52,1,108
16747,Gary,3,72,39,0,72
16748,Gary,5,66,25,0,66
16749,Gary,11,74,32,0,74
16751,Jeffrey,0,14,7,0,14
16752,Charles,4,37,10,0,37
16753,Ronald,0,5,3,0,5
16756,Helen,0,37,34,0,37
16757,Donna,0,18,14,0,18
16759,Jennifer,0,104,57,2,102
16760,Jennifer,0,64,41,2,62
16764,Christopher,1,19,0,0,19
16767,Christopher,0,74,58,1,73
16768,Barbara,8,25,3,4,21
16769,Deborah,4,99,79,0,99
16770,Barbara,2,6,0,0,6
16771,Deborah,0,60,38,1,59
16772,Barbara,0,1,0,0,1
16773,Donald,5,111,78,4,107
16777,Christopher,6,30,0,5,25
16778,Deborah,3,16,11,0,16
16779,Brian,1,122,100,1,121
16781,Stephen,0,20,16,0,20
16783,Stephanie,0,84,22,0,84
16784,Charles,14,41,0,3,38
16786,Jennifer,1,39,26,10,29
16789,Susan,0,1,1,0,1
16791,Susan,0,1,1,0,1
16792,Susan,0,1,1,0,1
16795,Justin,0,127,58,14,113
16797,Ronald,1,1,0,0,1
16799,Joseph,18,174,29,2,172
16800,Gary,2,35,30,0,35
16801,Gary,2,34,24,0,34
16802,Cynthia,0,0,0,0,0
16803,Brandon,0,5,3,0,5
16805,Charles,7,48,1,1,47
16806,Amanda,1,4,0,0,4
16808,Amanda,0,7,2,1,6
16809,Charles,3,68,51,0,68
16811,Daniel,1,0,0,0,0
16812,Deborah,1,25,17,0,25
16814,Daniel,1,8,6,0,8
16816,Joshua,0,5,1,0,5
16819,Brandon,3,59,46,0,59
16820,Helen,0,10,7,0,10
16821,Jeffrey,3,13,4,0,13
16822,Barbara,6,21,11,0,21
16823,Stephen,6,38,8,2,36
16825,Donna,5,61,38,0,61
16826,Helen,0,28,8,0,28
16827,Donna,0,7,4,0,7
16828,Brandon,1,41,37,0,41
16829,Brandon,2,14,11,0,14
16830,Brandon,2,57,38,0,57
16831,Barbara,3,20,14,1,19
16833,Christopher,0,124,38,17,107
16834,Nicholas,4,57,34,3,54
16836,Patricia,3,35,21,0,35
16839,Joshua,6,151,54,19,132
16841,Joshua,0,4,1,0,4
16842,Susan,0,8,4,0,8
16845,Nicholas,1,12,8,0,12
16849,Nicholas,1,97,69,0,97
16851,Nicholas,5,85,67,0,85
16852,Susan,0,93,80,1,92
16857,Michelle,16,73,33,1,72
16858,Susan,0,47,40,0,47
16859,Michelle,2,59,44,3,56
16860,Kimberly,5,131,81,0,131
16861,Joshua,6,233,143,6,227
16862,Paul,0,2,0,1,1
16864,Ryan,0,12,4,0,12
16865,Michelle,0,47,33,3,44
16867,Melissa,1,2,0,1,1
16868,Susan,0,217,148,11,206
16869,Charles,5,413,203,0,413
16870,Barbara,6,42,18,10,32
16871,Barbara,6,34,12,9,25
16872,Barbara,11,46,10,4,42
16876,Nicholas,0,165,83,0,165
16877,Daniel,0,8,3,0,8
16878,Paul,0,3,1,0,3
16879,David,0,0,0,0,0
16880,Nicholas,4,9,3,0,9
16882,Barbara,11,141,110,3,138
16884,Melissa,0,0,0,0,0
16889,Brandon,0,16,9,0,16
16892,Charles,1,19,6,1,18
16894,Susan,14,92,52,2,90
16895,Thomas,3,39,15,2,37
16900,Lisa,0,18,15,0,18
16901,Christopher,18,167,36,7,160
16902,Stephen,0,0,0,0,0
16903,Thomas,0,1,0,0,1
16906,Charles,1,17,0,0,17
16907,Thomas,0,1,0,0,1
16908,Thomas,0,3,2,0,3
16909,Thomas,0,2,2,0,2
16910,Jeffrey,0,9,9,0,9
16911,Thomas,0,2,1,0,2
16913,Thomas,0,1,0,0,1
16914,Patricia,6,16,8,0,16
16915,Susan,0,0,0,0,0
16917,Susan,1,1,0,0,1
16919,Paul,0,6,2,0,6
16920,Paul,0,6,2,0,6
16921,Paul,0,3,3,0,3
16922,Justin,0,2,2,0,2
16923,Justin,0,4,4,0,4
16924,Amanda,5,11,6,0,11
16925,Amanda,0,2,2,0,2
16926,Barbara,0,3,0,0,3
16927,Barbara,12,141,60,10,131
16928,Melissa,0,3,2,0,3
16930,Gary,1,10,6,0,10
16932,Charles,0,42,25,0,42
16933,Stephen,1,9,1,0,9
16934,Amanda,4,10,4,1,9
16935,Karen,0,72,42,1,71
16936,Jessica,4,14,1,0,14
16937,Gary,4,25,10,1,24
16938,Daniel,0,7,6,0,7
16939,Jeffrey,3,62,38,0,62
16941,Jessica,3,20,14,0,20
16944,David,0,0,0,0,0
16945,Joshua,0,59,0,1,58
16946,Joshua,0,48,0,0,48
16947,Joshua,0,46,0,0,46
16948,Joshua,0,42,0,2,40
16949,Joshua,0,50,0,0,50
16952,Daniel,1,61,53,0,61
16953,David,0,0,0,0,0
16954,David,0,0,0,0,0
16955,Gary,0,16,15,0,16
16957,Donald,4,63,17,25,38
16959,Jessica,0,6,6,0,6
16960,Karen,4,138,82,3,135
16961,Amanda,4,3,0,0,3
16963,Amanda,1,1,0,0,1
16964,Susan,0,98,73,0,98
16965,Amanda,1,2,1,0,2
16966,Amanda,0,1,0,1,0
16967,Jessica,0,50,16,0,50
16968,Amanda,0,3,3,0,3
16970,Amanda,2,1,0,0,1
16972,Amanda,0,0,0,0,0
16974,Patricia,9,40,17,0,40
16975,Kimberly,9,105,21,3,102
16978,Kimberly,2,28,5,1,27
16980,Thomas,0,98,26,62,36
16981,Thomas,0,3,2,0,3
16982,Steven,0,40,27,13,27
16983,Stephanie,9,101,32,0,101
16984,Stephanie,10,133,47,2,131
16985,Stephanie,22,59,5,1,58
16986,Stephen,12,111,54,0,111
16987,Ronald,0,10,7,0,10
16989,Sandra,8,203,21,5,198
16990,Jeffrey,1,0,0,0,0
16993,Larry,0,11,7,0,11
16994,Barbara,0,70,56,6,64
16996,William,5,34,25,0,34
16998,Barbara,5,87,41,6,81
17000,Patricia,0,104,85,0,104
17001,Patricia,0,6,4,0,6
17003,Joshua,0,8,8,0,8
17004,Joshua,1,5,4,0,5
17005,Margaret,0,0,0,0,0
17006,William,1,36,17,0,36
17008,Ronald,4,8,0,0,8
17009,Jeffrey,2,12,7,0,12
17010,Ronald,0,3,1,0,3
17011,Ronald,0,17,8,0,17
17012,Amanda,9,52,8,2,50
17013,Ronald,0,16,10,0,16
17014,Paul,0,57,38,0,57
17016,Amanda,2,41,24,1,40
17017,Michael,0,0,0,0,0
17018,Michael,0,0,0,0,0
17020,Jennifer,34,339,50,21,318
17021,Helen,7,99,73,0,99
17022,Sandra,19,134,33,0,134
17023,Susan,0,34,16,1,33
17024,Joshua,1,6,2,0,6
17025,Sandra,16,124,17,0,124
17027,Cynthia,0,0,0,0,0
17028,Stephen,0,38,25,0,38
17029,Paul,0,16,10,0,16
17031,Michael,0,0,0,0,0
17032,Kimberly,0,14,9,0,14
17034,Barbara,0,24,23,0,24
17038,Karen,0,26,22,1,25
17039,Patricia,0,6,4,0,6
17040,Karen,3,15,7,1,14
17043,Gary,0,52,43,2,50
17045,Jessica,0,55,17,6,49
17050,Christopher,2,34,0,1,33
17053,Patricia,0,92,45,1,91
17054,Kimberly,0,64,34,1,63
17056,Susan,0,49,37,1,48
17057,Kimberly,2,24,15,0,24
17058,Kimberly,2,19,9,0,19
17059,Joshua,0,6,5,0,6
17060,Barbara,0,52,46,2,50
17061,Barbara,10,72,53,6,66
17063,Donna,10,65,40,1,64
17064,Barbara,16,73,41,10,63
17065,Donna,13,64,29,2,62
17066,Stephen,8,29,0,0,29
17068,Donald,3,16,6,0,16
17069,Donald,0,3,1,1,2
17070,Donald,2,8,6,0,8
17071,William,2,56,14,6,50
17072,Stephanie,0,34,8,0,34
17074,Donna,4,135,58,2,133
17075,Gary,7,50,10,1,49
17078,Gary,2,8,0,0,8
17079,Cynthia,0,0,0,0,0
17081,David,0,0,0,0,0
17082,Joseph,1,9,7,0,9
17083,Donna,9,132,84,2,130
17086,Jessica,0,26,12,2,24
17087,Donald,0,43,12,25,18
17088,Thomas,2,7,4,0,7
17089,Scott,0,0,0,0,0
17090,Barbara,1,62,51,9,53
17092,Paul,0,0,0,0,0
17094,Stephen,0,1,0,0,1
17095,Larry,3,19,7,0,19
17097,Joshua,0,36,14,4,32
17099,Paul,0,14,7,2,12
17100,Barbara,1,41,27,7,34
17102,Donna,12,26,8,0,26
17106,Cynthia,0,0,0,0,0
17108,Ryan,0,3,3,0,3
17109,Charles,9,126,61,1,125
17111,Daniel,3,56,48,2,54
17112,Larry,0,23,10,2,21
17114,Stephen,3,5,0,0,5
17115,Barbara,9,78,47,9,69
17116,Joshua,0,43,6,19,24
17117,Joshua,0,25,4,5,20
17118,Amanda,1,186,66,104,82
17122,Joshua,0,1,0,0,1
17123,Donna,1,26,14,1,25
17126,Gary,0,37,4,16,21
17129,Jeffrey,1,4,3,0,4
17131,Jeffrey,0,0,0,0,0
17132,Justin,0,85,28,1,84
17137,Margaret,0,0,0,0,0
17138,Margaret,0,0,0,0,0
17139,Margaret,0,0,0,0,0
17140,Margaret,0,0,0,0,0
17141,Karen,4,54,43,0,54
17142,Rebecca,0,0,0,0,0
17143,Rebecca,0,87,68,19,68
17144,Justin,0,14,8,0,14
17146,Donna,5,69,55,0,69
17148,Justin,0,17,12,0,17
17149,Justin,2,20,13,0,20
17150,Thomas,0,84,29,1,83
17151,Daniel,0,2,2,0,2
17152,Justin,5,197,86,29,168
17153,Justin,0,191,94,26,165
17154,Patricia,17,107,30,0,107
17156,Christopher,1,15,11,0,15
17157,Jeffrey,0,33,22,0,33
17158,Jessica,2,55,28,2,53
17160,Jessica,3,39,28,0,39
17161,Cynthia,0,0,0,0,0
17163,Donald,0,39,31,0,39
17166,Ryan,6,79,69,0,79
17167,Charles,3,164,46,0,164
17169,Justin,4,127,9,53,74
17173,Thomas,0,15,10,1,14
17174,Patricia,7,58,43,1,57
17177,Paul,7,44,14,0,44
17178,Susan,0,101,75,3,98
17179,Susan,0,68,34,3,65
17181,Susan,0,67,23,5,62
17183,Joseph,0,83,57,2,81
17184,Joseph,0,5,0,0,5
17185,Charles,0,67,56,0,67
17186,Paul,2,140,82,0,140
17187,Stephen,2,21,14,0,21
17189,Gary,0,17,10,1,16
17190,William,8,24,11,0,24
17191,Michelle,0,40,25,4,36
17192,Ronald,3,37,28,0,37
17193,David,0,0,0,0,0
17194,Lisa,4,12,4,1,11
17197,Lisa,1,2,1,0,2
17200,Lisa,0,0,0,0,0
17201,Lisa,3,77,46,24,53
17203,Helen,0,2,1,0,2
17205,Barbara,6,53,20,22,31
17206,David,0,0,0,0,0
17210,Jeffrey,0,6,2,2,4
17211,Justin,0,0,0,0,0
17213,Scott,0,0,0,0,0
17215,Donna,1,26,24,0,26
17216,Susan,2,57,47,2,55
17218,Donald,1,114,63,0,114
17220,Donald,0,71,39,0,71
17224,Susan,1,46,41,2,44
17226,Susan,1,49,42,0,49
17228,Larry,0,2,1,1,1
17229,Sandra,0,10,10,0,10
17230,Stephanie,2,88,29,0,88
17231,Stephanie,3,122,33,0,122
17234,Patricia,6,19,0,0,19
17235,Kimberly,1,68,39,3,65
17236,Stephanie,1,140,97,0,140
17237,Gary,0,4,2,0,4
17238,Thomas,0,56,8,47,9
17239,Helen,0,48,25,0,48
17240,Cynthia,0,0,0,0,0
17241,Stephanie,0,87,67,0,87
17244,Stephanie,1,70,58,0,70
17245,Patricia,0,15,14,0,15
17246,Patricia,0,11,6,0,11
17248,David,0,0,0,0,0
17249,David,0,0,0,0,0
17250,David,0,0,0,0,0
17252,David,0,0,0,0,0
17253,Margaret,0,0,0,0,0
17254,Kimberly,0,56,36,0,56
17257,Donna,0,76,13,15,61
17258,Thomas,3,40,21,1,39
17259,Jeffrey,0,11,8,0,11
17260,Jeffrey,0,9,7,0,9
17261,Jeffrey,0,18,10,0,18
17262,Thomas,0,82,72,2,80
17263,Jeffrey,0,9,9,0,9
17264,Jeffrey,2,84,54,0,84
17266,Sandra,2,12,4,3,9
17267,Sandra,1,7,2,1,6
17268,Sandra,0,12,7,0,12
17269,Sandra,0,16,10,0,16
17270,Daniel,0,3,1,0,3
17271,Gary,4,27,6,1,26
17272,Gary,6,33,8,0,33
17273,Edward,3,5,0,0,5
17274,Patricia,8,24,11,0,24
17276,Justin,0,50,43,0,50
17279,Stephanie,1,111,80,0,111
17281,Mark,0,0,0,0,0
17282,Nicholas,6,85,34,14,71
17283,Helen,3,59,37,0,59
17284,Joseph,12,108,61,0,108
17285,Helen,1,13,10,0,13
17286,Helen,3,7,2,0,7
17288,Larry,1,71,49,1,70
17291,Daniel,1,22,9,0,22
17292,Jessica,6,40,6,2,38
17293,Michael,0,0,0,0,0
17294,Jessica,7,93,41,4,89
17295,David,0,0,0,0,0
17296,David,0,0,0,0,0
17299,Jessica,0,58,23,3,55
17300,Karen,5,5,0,0,5
17301,Mark,0,0,0,0,0
17303,Amanda,2,14,1,1,13
17304,Nicholas,6,95,69,9,86
17305,Jessica,0,35,25,0,35
17306,Daniel,0,18,17,1,17
17307,Daniel,0,24,21,0,24
17308,Daniel,0,17,9,0,17
17310,Daniel,0,6,3,0,6
17311,Daniel,0,13,4,1,12
17312,Sarah,0,82,79,0,82
17313,Mark,0,0,0,0,0
17314,Nicholas,7,155,118,1,154
17315,Andrew,0,0,0,0,0
17316,Stephen,1,10,0,0,10
17318,Paul,12,110,38,6,104
17319,Paul,11,56,29,3,53
17320,Paul,5,25,15,1,24
17322,Stephanie,7,81,49,0,81
17323,Donald,0,3,2,0,3
17324,Lisa,5,23,9,0,23
17325,Lisa,6,223,36,94,129
17326,Ryan,34,66,17,4,62
17327,Kimberly,0,1,1,0,1
17328,Cynthia,0,0,0,0,0
17330,Justin,2,10,6,1,9
17334,Joseph,1,12,4,0,12
17337,Thomas,3,52,30,6,46
17338,Joseph,0,0,0,0,0
17340,Justin,4,126,60,1,125
17341,Gary,0,13,9,1,12
17342,Daniel,0,0,0,0,0
17343,Sandra,2,26,12,1,25
17344,Barbara,0,56,49,0,56
17346,Deborah,0,42,29,1,41
17347,Deborah,0,65,50,2,63
17352,Justin,2,91,66,7,84
17355,Kimberly,8,33,12,0,33
17356,Thomas,0,14,2,3,11
17357,Thomas,0,6,3,2,4
17359,Karen,17,185,13,0,185
17360,Barbara,1,9,2,3,6
17365,Kathleen,1,7,2,1,6
17367,Kathleen,2,9,2,0,9
17368,Cynthia,0,0,0,0,0
17369,Cynthia,0,0,0,0,0
17370,Rebecca,0,236,158,3,233
17371,Kimberly,0,19,8,0,19
17374,Stephen,0,1,0,0,1
17376,Barbara,12,38,6,7,31
17377,Donna,17,155,12,0,155
17378,Paul,0,2,1,0,2
17379,Jessica,2,40,27,0,40
17381,Donald,0,18,17,0,18
17384,Daniel,1,16,2,0,16
17385,Michelle,0,33,19,1,32
17386,Amanda,7,13,3,1,12
17387,Jeffrey,0,43,11,1,42
17388,Jeffrey,0,37,13,0,37
17389,Jeffrey,0,68,35,1,67
17390,Jeffrey,0,41,20,0,41
17391,Donna,2,74,53,1,73
17392,Donna,5,71,38,0,71
17393,David,0,0,0,0,0
17394,Donna,0,161,103,2,159
17395,Donna,0,21,14,0,21
17396,Jessica,2,33,23,0,33
17397,David,0,0,0,0,0
17398,Jessica,2,41,33,2,39
17399,David,0,0,0,0,0
17400,Jessica,0,23,13,2,21
17403,Jessica,0,82,31,6,76
17404,Thomas,1,73,39,10,63
17405,Larry,0,4,3,0,4
17406,Cynthia,0,0,0,0,0
17407,Donna,0,11,8,1,10
17408,Kimberly,5,59,28,0,59
17410,Karen,0,3,2,1,2
17411,Kathleen,5,87,53,0,87
17412,Patricia,5,134,119,0,134
17413,Patricia,0,10,0,0,10
17414,Kimberly,18,182,37,0,182
17415,Jeffrey,0,33,22,0,33
17417,Brandon,1,23,18,0,23
17418,Ryan,3,19,15,1,18
17419,Donna,1,118,29,19,99
17422,Nicholas,1,12,4,0,12
17423,Nicholas,4,19,9,0,19
17425,Stephen,0,8,0,0,8
17426,Barbara,12,46,9,6,40
17427,Stephen,0,3,2,0,3
17428,Daniel,7,38,9,0,38
17430,Daniel,0,5,1,0,5
17432,William,2,106,43,45,61
17433,Larry,7,27,12,3,24
17434,Larry,15,113,9,18,95
17435,Larry,1,18,15,0,18
17436,Andrew,0,0,0,0,0
17437,Melissa,1,83,41,20,63
17438,Brandon,0,0,0,0,0
17439,Brandon,0,1,0,0,1
17440,Brandon,0,1,0,0,1
17441,Brandon,0,0,0,0,0
17442,Brandon,0,2,0,0,2
17443,Brandon,0,1,0,1,0
17444,Gary,10,106,59,0,106
17445,Karen,0,1,1,0,1
17446,Karen,2,112,71,9,103
17447,Thomas,6,182,94,17,165
17448,Lisa,2,39,21,1,38
17449,Deborah,0,5,2,0,5
17452,Cynthia,0,0,0,0,0
17453,Mark,0,0,0,0,0
17454,Mark,0,0,0,0,0
17457,Gary,5,40,24,0,40
17458,Gary,1,39,34,0,39
17459,Cynthia,0,0,0,0,0
17464,Daniel,0,23,1,1,22
17465,Daniel,0,26,15,0,26
17466,Mark,0,0,0,0,0
17468,Andrew,0,0,0,0,0
17469,Joseph,0,72,51,0,72
17470,Paul,0,2,1,0,2
17471,Michelle,0,7,2,0,7
17473,Stephen,5,76,31,1,75
17474,Stephen,0,1,0,0,1
17476,Lisa,2,21,1,1,20
17477,Nicholas,1,1,0,0,1
17478,Nicholas,0,3,3,0,3
17481,Lisa,5,40,19,2,38
17482,Daniel,0,10,7,3,7
17483,Daniel,1,4,2,1,3
17484,Daniel,0,9,1,3,6
17485,Daniel,0,15,1,12,3
17486,Daniel,0,11,5,6,5
17487,Daniel,0,6,0,4,2
17488,Daniel,0,19,6,11,8
17490,Daniel,0,12,5,7,5
17491,Daniel,1,7,4,1,6
17493,Jessica,0,37,35,0,37
17494,Michelle,1,6,2,0,6
17495,Deborah,0,182,84,4,178
17496,Patricia,0,63,8,0,63
17497,Jennifer,25,377,66,80,297
17498,Christopher,1,31,27,0,31
17500,Nicholas,0,12,5,1,11
17501,Andrew,0,0,0,0,0
17502,Kimberly,0,13,10,0,13
17504,Barbara,0,2,2,0,2
17506,Patricia,0,15,13,0,15
17507,Nicholas,7,124,63,0,124
17508,Donna,0,55,28,1,54
17509,Nicholas,5,386,137,38,348
17510,Christopher,0,17,0,1,16
17511,Helen,0,103,61,0,103
17513,Gary,6,25,4,0,25
17515,Gary,3,64,6,0,64
17519,Daniel,0,11,10,1,10
17520,Nicholas,0,10,9,0,10
17521,Daniel,0,11,5,6,5
17522,Helen,0,51,15,1,50
17523,Daniel,0,10,6,4,6
17524,Thomas,11,70,16,1,69
17529,Lisa,4,247,224,0,247
17530,Andrew,0,0,0,0,0
17531,Jeffrey,0,28,14,1,27
17533,Jeffrey,0,17,5,0,17
17535,Thomas,0,4,3,0,4
17536,Thomas,1,90,71,12,78
17537,Karen,0,3,2,0,3
17538,Kimberly,0,30,12,0,30
17539,Brandon,0,9,5,0,9
17541,Cynthia,0,0,0,0,0
17542,Stephen,16,72,27,4,68
17544,Nicholas,4,29,20,0,29
17546,Larry,0,6,0,3,3
17547,Larry,2,23,7,0,23
17549,Stephen,0,9,7,0,9
17550,Sandra,0,7,6,0,7
17551,Paul,0,34,8,0,34
17552,Nicholas,0,19,14,0,19
17553,Karen,3,136,112,3,133
17556,Karen,0,5,4,1,4
17557,Mark,0,0,0,0,0
17559,Donald,1,78,21,31,47
17560,Joseph,0,9,5,1,8
17561,Joseph,3,19,9,0,19
17562,Patricia,0,2,1,0,2
17563,Patricia,3,171,68,0,171
17565,Lisa,3,102,97,0,102
17566,Kimberly,0,31,8,1,30
17568,Thomas,0,29,14,1,28
17570,Larry,0,37,15,10,27
17572,Helen,0,1,1,0,1
17573,Barbara,0,3,1,1,2
17577,Karen,0,10,9,0,10
17581,Melissa,1,4,3,0,4
17582,Ronald,10,67,15,0,67
17584,Ronald,8,103,0,5,98
17585,Paul,15,133,70,4,129
17587,Jessica,6,170,101,14,156
17588,Jessica,4,130,110,1,129
17589,Kimberly,1,61,34,2,59
17590,Jeffrey,5,36,14,0,36
17591,Jeffrey,4,47,22,0,47
17592,Jeffrey,2,20,13,0,20
17595,Daniel,0,6,6,0,6
17596,Justin,9,34,0,1,33
17597,Patricia,7,13,2,0,13
17598,Ryan,0,1,1,0,1
17604,Nicholas,4,79,48,4,75
17605,Mark,0,0,0,0,0
17606,Christopher,1,12,2,2,10
17607,Karen,1,13,10,0,13
17608,Barbara,3,3,0,0,3
17609,Donald,10,227,148,18,209
17611,Gary,4,62,37,0,62
17612,Gary,0,10,5,0,10
17614,Barbara,3,19,12,1,18
17615,Susan,1,9,5,0,9
17616,Kimberly,3,77,51,2,75
17618,David,0,0,0,0,0
17619,Kimberly,5,100,65,8,92
17620,Gary,3,81,50,5,76
17621,Kimberly,4,131,107,3,128
17622,Justin,0,95,15,0,95
17626,Margaret,0,0,0,0,0
17627,Deborah,0,13,9,0,13
17630,Donald,1,4,2,0,4
17631,Patricia,0,2,0,0,2
17632,Patricia,1,4,1,0,4
17633,Cynthia,0,0,0,0,0
17634,Helen,1,16,12,0,16
17636,David,0,0,0,0,0
17637,Joseph,0,51,27,0,51
17638,Brandon,0,19,10,0,19
17639,Brandon,0,2,0,0,2
17640,Brandon,0,1,1,0,1
17641,Kathleen,11,75,26,1,74
17642,Joshua,0,16,13,1,15
17643,Jeffrey,4,33,16,0,33
17644,Jeffrey,2,55,33,0,55
17645,Karen,0,51,16,12,39
17646,Jeffrey,0,9,5,0,9
17647,Karen,0,29,12,12,17
17649,David,0,0,0,0,0
17650,Larry,1,58,23,0,58
17652,Justin,1,29,7,0,29
17653,Patricia,2,13,7,0,13
17654,Paul,0,2,1,0,2
17655,Ronald,0,6,5,0,6
17656,Karen,0,66,47,4,62
17657,Larry,0,19,6,12,7
17658,Susan,2,119,25,0,119
17660,Sandra,1,42,41,0,42
17663,Daniel,1,2,0,0,2
17664,Gary,5,61,5,8,53
17665,Gary,6,52,21,3,49
17666,Donna,3,48,29,0,48
17668,Mark,0,0,0,0,0
17669,Jeffrey,0,42,26,0,42
17670,Kimberly,0,50,21,0,50
17673,Michelle,0,2,0,0,2
17675,Deborah,1,53,30,2,51
17676,Michelle,0,31,18,1,30
17677,Donna,1,36,19,0,36
17681,David,0,0,0,0,0
17682,Mark,0,0,0,0,0
17683,Nicholas,2,28,14,1,27
17684,Larry,0,42,24,0,42
17686,Brandon,0,23,14,2,21
17687,Edward,0,22,3,0,22
17689,Brandon,0,8,3,1,7
17690,Brandon,1,13,10,1,12
17693,Brandon,0,56,16,1,55
17694,Christopher,3,62,13,2,60
17696,Gary,6,157,88,0,157
17697,Edward,0,30,28,0,30
17699,Stephen,1,28,6,2,26
17702,Jessica,0,15,5,0,15
17703,Stephen,2,6,2,0,6
17704,Stephen,16,40,5,1,39
17705,Edward,0,16,7,0,16
17708,Margaret,0,0,0,0,0
17709,Stephen,12,134,62,23,111
17710,Helen,0,57,51,0,57
17711,Helen,0,4,3,0,4
17712,Daniel,0,6,1,0,6
17713,Edward,0,40,27,1,39
17714,Melissa,2,7,1,1,6
17715,Stephen,6,143,27,14,129
17716,Michelle,5,53,27,1,52
17719,Justin,0,0,0,0,0
17720,Larry,0,15,6,5,10
17722,Margaret,0,0,0,0,0
17724,Barbara,0,277,131,25,252
17725,Karen,1,23,14,1,22
,,,,,,
,,,,,,